-- phpMyAdmin SQL Dump
-- version 4.8.4
-- https://www.phpmyadmin.net/
--
-- Servidor: 127.0.0.1:3306
-- Tiempo de generación: 25-05-2020 a las 01:54:57
-- Versión del servidor: 5.7.24
-- Versión de PHP: 7.2.14

SET SQL_MODE = "NO_AUTO_VALUE_ON_ZERO";
SET AUTOCOMMIT = 0;
START TRANSACTION;
SET time_zone = "+00:00";


/*!40101 SET @OLD_CHARACTER_SET_CLIENT=@@CHARACTER_SET_CLIENT */;
/*!40101 SET @OLD_CHARACTER_SET_RESULTS=@@CHARACTER_SET_RESULTS */;
/*!40101 SET @OLD_COLLATION_CONNECTION=@@COLLATION_CONNECTION */;
/*!40101 SET NAMES utf8mb4 */;

--
-- Base de datos: `eder`
--

-- --------------------------------------------------------

--
-- Estructura de tabla para la tabla `carrera`
--

DROP TABLE IF EXISTS `carrera`;
CREATE TABLE IF NOT EXISTS `carrera` (
  `id` int(11) NOT NULL AUTO_INCREMENT,
  `nombre` varchar(80) CHARACTER SET utf8 DEFAULT NULL,
  `presentacion` blob,
  `perfil` blob,
  `plan_pdf` varchar(50) CHARACTER SET utf8 DEFAULT NULL,
  `imagen` varchar(100) CHARACTER SET utf8 DEFAULT NULL,
  `activo` tinyint(1) NOT NULL DEFAULT '0',
  PRIMARY KEY (`id`)
) ENGINE=InnoDB AUTO_INCREMENT=2 DEFAULT CHARSET=utf8 COLLATE=utf8_spanish_ci COMMENT='Datos básicos de una carrera.' ROW_FORMAT=COMPRESSED;

--
-- Volcado de datos para la tabla `carrera`
--

INSERT INTO `carrera` (`id`, `nombre`, `presentacion`, `perfil`, `plan_pdf`, `imagen`, `activo`) VALUES
(1, 'Abogacía', 0x3c70207374796c653d226d617267696e2d6c6566743a31377078223e3c7374726f6e673e546974756c6f3a3c2f7374726f6e673e2041626f6761646f3c2f703e0d0a0d0a3c70207374796c653d226d617267696e2d6c6566743a31377078223e3c7374726f6e673e447572616369266f61637574653b6e3a3c2f7374726f6e673e20352061266e74696c64653b6f733c2f703e0d0a0d0a3c70207374796c653d226d617267696e2d6c6566743a31377078223e3c7374726f6e673e436172676120686f72617269613a3c2f7374726f6e673e20332e30363020686f7261732e3c2f703e0d0a0d0a3c6872202f3e0d0a3c70207374796c653d226d617267696e2d6c6566743a31377078223e3c7370616e207374796c653d22666f6e742d66616d696c793a617269616c2c68656c7665746963612c73616e732d7365726966223e3c7370616e207374796c653d22666f6e742d73697a653a6d656469756d223e456c2054266961637574653b74756c6f2064652041626f6761646f20717565206f746f726761206c6120556e697665727369646164204e6163696f6e616c206465204368696c656369746f20686162696c69746120706172613a3c2f7370616e3e3c2f7370616e3e3c2f703e0d0a0d0a3c70207374796c653d22746578742d616c69676e3a6a757374696679223e266e6273703b3c2f703e0d0a0d0a3c756c3e0d0a093c6c69207374796c653d22746578742d616c69676e3a6a757374696679223e3c7370616e207374796c653d22666f6e742d66616d696c793a617269616c2c68656c7665746963612c73616e732d7365726966223e3c7370616e207374796c653d22666f6e742d73697a653a6d656469756d223e456a6572636963696f206c69626572616c206465206c612070726f66657369266f61637574653b6e206d6174657269616c697a61646f20656e206c6120646566656e7361206465206c6f7320696e7465726573657320636f6e666961646f7320612073752073616265722c2074616e746f20656e20656c2070726f6365736f206a7564696369616c20636f6d6f2061646d696e69737472617469766f20616e7465206c6f7320266f61637574653b7267616e6f73206465206c612041646d696e69737472616369266f61637574653b6e2050267561637574653b626c6963612e3c2f7370616e3e3c2f7370616e3e3c2f6c693e0d0a3c2f756c3e0d0a0d0a3c70207374796c653d226d617267696e2d6c6566743a343170783b20746578742d616c69676e3a6a757374696679223e266e6273703b3c2f703e0d0a0d0a3c756c3e0d0a093c6c69207374796c653d22746578742d616c69676e3a6a757374696679223e3c7370616e207374796c653d22666f6e742d66616d696c793a617269616c2c68656c7665746963612c73616e732d7365726966223e3c7370616e207374796c653d22666f6e742d73697a653a6d656469756d223e3c7370616e207374796c653d22666f6e742d73697a653a6d656469756d223e496e636f72706f72616369266f61637574653b6e2061206c612063617272657261206a7564696369616c2e20456a6572636963696f206465206c61206d61676973747261747572612e3c2f7370616e3e3c2f7370616e3e3c2f7370616e3e3c2f6c693e0d0a3c2f756c3e0d0a0d0a3c70207374796c653d226d617267696e2d6c6566743a343170783b20746578742d616c69676e3a6a757374696679223e266e6273703b3c2f703e0d0a0d0a3c756c3e0d0a093c6c69207374796c653d22746578742d616c69676e3a6a757374696679223e3c7370616e207374796c653d22666f6e742d66616d696c793a617269616c2c68656c7665746963612c73616e732d7365726966223e3c7370616e207374796c653d22666f6e742d73697a653a6d656469756d223e456a65726365722066756e63696f6e65732070267561637574653b626c6963617320657370656369616c697a616461733c2f7370616e3e3c2f7370616e3e3c2f6c693e0d0a3c2f756c3e0d0a0d0a3c70207374796c653d226d617267696e2d6c6566743a343170783b20746578742d616c69676e3a6a757374696679223e266e6273703b3c2f703e0d0a0d0a3c756c3e0d0a093c6c69207374796c653d22746578742d616c69676e3a6a757374696679223e3c7370616e207374796c653d22666f6e742d66616d696c793a617269616c2c68656c7665746963612c73616e732d7365726966223e3c7370616e207374796c653d22666f6e742d73697a653a6d656469756d223e417365736f726172206120656d7072657361732070267561637574653b626c69636173206f2070726976616461732e3c2f7370616e3e3c2f7370616e3e3c2f6c693e0d0a3c2f756c3e0d0a0d0a3c70207374796c653d226d617267696e2d6c6566743a343170783b20746578742d616c69676e3a6a757374696679223e266e6273703b3c2f703e0d0a0d0a3c756c3e0d0a093c6c69207374796c653d22746578742d616c69676e3a6a757374696679223e3c7370616e207374796c653d22666f6e742d66616d696c793a617269616c2c68656c7665746963612c73616e732d7365726966223e3c7370616e207374796c653d22666f6e742d73697a653a6d656469756d223e496e746567726172206c6f732063756572706f7320646520617365736f72616d69656e746f20656e6361726761646f73206465206c6120656c61626f72616369266f61637574653b6e2064652070726f796563746f7320656e20656c205061726c616d656e746f2e3c2f7370616e3e3c2f7370616e3e3c2f6c693e0d0a3c2f756c3e0d0a0d0a3c70207374796c653d226d617267696e2d6c6566743a343170783b20746578742d616c69676e3a6a757374696679223e266e6273703b3c2f703e0d0a0d0a3c756c3e0d0a093c6c69207374796c653d22746578742d616c69676e3a6a757374696679223e3c7370616e207374796c653d22666f6e742d66616d696c793a617269616c2c68656c7665746963612c73616e732d7365726966223e3c7370616e207374796c653d22666f6e742d73697a653a6d656469756d223e496e636f72706f72617273652061206c61206361727265726120646f63656e7465207920646520696e766573746967616369266f61637574653b6e2e3c2f7370616e3e3c2f7370616e3e3c2f6c693e0d0a3c2f756c3e0d0a, 0x3c703e4c6120666f726d616369266f61637574653b6e2064656c2061626f6761646f207061726120657374612070726f70756573746120637572726963756c617220616c20636f6e636c75697220656c207369676c6f2058582c207375706f6e65206c6120666f726d616369266f61637574653b6e20646520756e2070726f666573696f6e616c20636f6e2063617061636964616420646520696d70756c736172206c61732072656c6163696f6e657320736f6369616c657320656e20746f646f73206c6f732063616d706f73207175652061626172636120737520666f726d616369266f61637574653b6e2c2061637475617220656e206361646120756e6f20646520656c6c6f732c2070726f706f6e657220736f6c7563696f6e6573206a7572266961637574653b6469636173206e75657661732079206372656174697661732c20696e74657276656e697220656e206c6120646563697369266f61637574653b6e20646520636f6e74726f7665727369617320636f6e206573747261746567696173206465207375706572616369266f61637574653b6e20646520636f6e666c6963746f73206164656375616461732079206d6f6465726e61732c20617365736f726172206120656e7465732070267561637574653b626c69636f732079207072697661646f732c207265616c697a617220756e61206c61626f7220646520657374696d6174697661206a7572266961637574653b646963612c20616e616c697a617220656c206465726563686f20706f73697469766f20636f6e206d6972617320616c206c6f67726f2064652076616c6f726573207375706572696f7265732e20456c6c6f20636f6d706f727461206f746f7267617220616c2061626f6761646f20756e6120666f726d616369266f61637574653b6e2071756520496f20686162696c697461207061726120666163696c69746172206163756572646f732c206461726c657320666f726d612061646563756164612c20696d70756c7361722072656c6163696f6e6573207920616374697669646164657320656e2064697374696e746f7320266161637574653b6d6269746f732c206f746f7267266161637574653b6e646f6c657320656c206d6172636f206a7572266961637574653b6469636f20616465637561646f2c20636f6e20636f6e6f63696d69656e746f73206573706563266961637574653b6669636f7320792070657274696e656e7465732e3c6272202f3e0d0a3c6272202f3e0d0a54656e69656e646f20656e206375656e746120656c206465736172726f6c6c6f20717565206c61732072656c6163696f6e657320696e7465726e6163696f6e616c65732068616e2061647175697269646f2c2079206c6120706172746963756c617220636f6e657869266f61637574653b6e207175652067656e65726120656c204d6572636f7375722070617261206e75657374726f207061266961637574653b732c20656c20656772657361646f206465626520657374617220666f726d61646f20656e20656c206e7565766f2063616d706f206465206c6120696c6567616c6964616420792061637469766964616420736f6369616c2071756520656c6c6f207375706f6e652e2045737465206d6f6465726e6f206d6172636f206465204465726563686f2050267561637574653b626c69636f20792052656c6163696f6e65732050726976616461732c2073756d61646f2061206c61206578697374656e636961206465206f74726f732063656e74726f7320696e7465726e6163696f6e616c6573206465206163756572646f7320726567696f6e616c657320284e414654412c204345452c20657463266561637574653b7465726129206f626c6967612061206f746f726761722061206c6f732065647563616e646f7320756e6120666f726d616369266f61637574653b6e2061636f72646520636f6e20656c2070657266696c2061637475616c2064656c206d756e646f2c20717565206c6f677265206465746563746172206c6173206e65636573696461646573207920666f7274616c657a6173206465206c612072656769266f61637574653b6e20646f6e646520736520696e73657274652079206661766f72657a636120737520696e74656772616369266f61637574653b6e20656e206c617320657374727563747572617320696e7465726e6163696f6e616c65732c20656e2073756d61206f706572617220636f6d6f20636f6e7374727563746f72206465206c6120736f6369656461642e3c6272202f3e0d0a3c6272202f3e0d0a456e2072617a266f61637574653b6e2064652071756520656c20746974756c6f206361706163697461207061726120656c20656a6572636963696f2070726f666573696f6e616c2073652068612070756573746f20266561637574653b6e666173697320656e206c6120637572726963756c612074616e746f20656e206c6120666f726d616369266f61637574653b6e20266561637574653b7469636120636f6d6f206173266961637574653b2074616d6269266561637574653b6e20656e20656c2061646965737472616d69656e746f20656e206375657374696f6e6573207072266161637574653b6374696361732c2070726f706f6e69266561637574653b6e646f73652065647563617220756e2070726f666573696f6e616c20266161637574653b67696c207920636f6d70726f6d657469646f20636f6e206c6f732076616c6f72657320736f6369616c65732e3c6272202f3e0d0a3c6272202f3e0d0a436f6e63696269266561637574653b6e646f736520656c2070726f6365736f2065647563617469766f20636f6d6f20756e6120616374697669646164207065726d616e656e746520636f6e74696e75612c206c6f7320636f6e6f63696d69656e746f732067656e6572616c6573207920686162696c6964616465732062266161637574653b736963617320717565207365206272696e64616e20636f6e206c61206573747275637475726120637572726963756c61722064656c20677261646f2c206465626572266161637574653b6e2070726f66756e64697a617273652c2061637475616c697a6172736520636f6e206c6120666f726d616369266f61637574653b6e2064656c20706f7374677261646f2e3c6272202f3e0d0a3c6272202f3e0d0a4c6120556e697665727369646164204e6163696f6e616c206465204368696c656369746f20736520656e6375656e7472612061626f63616461206120636f6e736f6c69646172206520696e6372656d656e746172207375206f666572746120646520706f7374677261646f2c20666f6d656e74616e646f206c6120696e7465722d6469736369706c696e6120656e747265206c61732064697374696e74617320266161637574653b726561732064656c20636f6e6f63696d69656e746f2e3c6272202f3e0d0a3c6272202f3e0d0a506f72206c6f2074616e746f2073652070726574656e646520666f726d617220756e2061626f6761646f207265666c657869766f207175652074656e6761206361706163696461642070617261207265736f6c7665722070726f626c656d617320636f6e637265746f732064656c206f7264656e206a7572266961637574653b6469636f2c2073696e20616665727261727365206120756e2073697374656d612064652069646561732070726565737461626c656369646f206520696e6d6f646966696361626c652c20756e2061626f6761646f20636f6e206d656e74616c6964616420637269746963612071756520636f6e6f7a6361206c6120736f6c756369266f61637574653b6e206a7572266961637574653b6469636120792074656e67612063617061636964616420706172612069646561722070726f7075657374617320696e6e6f7661646f7261732e20456e2073266961637574653b6e7465736973206d6178696d697a61722c20612074726176266561637574653b73206465206c6120666f726d616369266f61637574653b6e2c206c61206361706163696461642064652072617a6f6e616d69656e746f2c207265666c657869266f61637574653b6e207920746f6d61206465206465636973696f6e65732e3c2f703e0d0a, 'Plan089-98Abogacia.pdf', 'abogacialg.jpg', 1);

-- --------------------------------------------------------

--
-- Estructura de tabla para la tabla `ciclos`
--

DROP TABLE IF EXISTS `ciclos`;
CREATE TABLE IF NOT EXISTS `ciclos` (
  `id` int(11) NOT NULL AUTO_INCREMENT,
  `nombre` varchar(80) CHARACTER SET latin1 NOT NULL,
  `id_plan` int(11) NOT NULL,
  `id_orientacion` int(11) DEFAULT NULL,
  PRIMARY KEY (`id`),
  KEY `id_plan` (`id_plan`),
  KEY `id_orientacion` (`id_orientacion`)
) ENGINE=InnoDB AUTO_INCREMENT=2 DEFAULT CHARSET=utf8 COLLATE=utf8_spanish_ci COMMENT='Ciclos que conforman los planes.';

--
-- Volcado de datos para la tabla `ciclos`
--

INSERT INTO `ciclos` (`id`, `nombre`, `id_plan`, `id_orientacion`) VALUES
(1, 'Básico 089-98', 1, NULL);

-- --------------------------------------------------------

--
-- Estructura de tabla para la tabla `ciclo_materia`
--

DROP TABLE IF EXISTS `ciclo_materia`;
CREATE TABLE IF NOT EXISTS `ciclo_materia` (
  `id` int(11) NOT NULL AUTO_INCREMENT,
  `id_ciclo` int(11) NOT NULL,
  `id_materia` int(11) NOT NULL,
  `id_regimen` int(11) NOT NULL,
  `horas` int(11) NOT NULL,
  `hs_total` int(11) NOT NULL,
  `programa` varchar(100) CHARACTER SET latin1 DEFAULT NULL,
  `anio` int(11) NOT NULL,
  `codigo` int(11) DEFAULT NULL,
  PRIMARY KEY (`id`),
  KEY `id_ciclo` (`id_ciclo`),
  KEY `id_materia` (`id_materia`),
  KEY `id_regimen` (`id_regimen`)
) ENGINE=InnoDB AUTO_INCREMENT=31 DEFAULT CHARSET=utf8 COLLATE=utf8_spanish_ci COMMENT='Información de una materia dentro de un ciclo.';

--
-- Volcado de datos para la tabla `ciclo_materia`
--

INSERT INTO `ciclo_materia` (`id`, `id_ciclo`, `id_materia`, `id_regimen`, `horas`, `hs_total`, `programa`, `anio`, `codigo`) VALUES
(1, 1, 1, 1, 60, 120, '1.pdf', 1, 1),
(2, 1, 2, 1, 60, 120, '2.pdf', 1, 2),
(3, 1, 3, 1, 60, 120, '3.pdf', 1, 3),
(4, 1, 4, 2, 60, 60, '4.pdf', 1, 4),
(5, 1, 5, 3, 60, 60, '5.pdf', 1, 5),
(6, 1, 6, 3, 60, 60, '6.pdf', 1, 6),
(7, 1, 7, 1, 60, 120, '7.pdf', 2, 7),
(8, 1, 8, 1, 60, 120, '8.pdf', 2, 8),
(9, 1, 9, 1, 60, 120, '9.pdf', 2, 9),
(10, 1, 10, 1, 60, 120, '10.pdf', 2, 10),
(11, 1, 11, 3, 60, 60, '11.pdf', 2, 11),
(12, 1, 12, 3, 60, 60, '12.pdf', 2, 12),
(13, 1, 13, 1, 60, 120, '13.pdf', 3, 13),
(14, 1, 14, 1, 60, 120, '14.pdf', 3, 14),
(15, 1, 15, 1, 60, 120, '15.pdf', 3, 15),
(16, 1, 16, 1, 60, 120, '16.pdf', 3, 16),
(17, 1, 17, 1, 60, 120, '17.pdf', 3, 17),
(18, 1, 18, 3, 60, 60, '18.pdf', 3, 18),
(19, 1, 19, 1, 60, 120, '19.pdf', 4, 19),
(20, 1, 20, 1, 60, 120, '20.pdf', 4, 20),
(21, 1, 21, 1, 60, 120, '21.pdf', 4, 21),
(22, 1, 22, 1, 60, 120, '22.pdf', 4, 22),
(23, 1, 23, 1, 60, 120, '23.pdf', 4, 23),
(24, 1, 24, 3, 60, 60, '24.pdf', 4, 24),
(25, 1, 25, 1, 60, 120, '25.pdf', 5, 25),
(26, 1, 26, 2, 60, 60, '26.pdf', 5, 26),
(27, 1, 27, 1, 60, 120, '27.pdf', 5, 27),
(28, 1, 28, 3, 60, 60, '28.pdf', 5, 28),
(29, 1, 29, 1, 60, 120, '29.pdf', 5, 29),
(30, 1, 30, 1, 60, 120, '30.pdf', 5, 30);

-- --------------------------------------------------------

--
-- Estructura de tabla para la tabla `correlativas`
--

DROP TABLE IF EXISTS `correlativas`;
CREATE TABLE IF NOT EXISTS `correlativas` (
  `id` bigint(11) NOT NULL AUTO_INCREMENT,
  `id_ciclo_materia` int(11) NOT NULL,
  `id_correlativa` int(11) NOT NULL,
  `id_correlativa_tipo` int(11) DEFAULT NULL,
  PRIMARY KEY (`id`),
  KEY `id_correlativa` (`id_correlativa`),
  KEY `id_ciclo` (`id_ciclo_materia`),
  KEY `id_correlativa_tipo` (`id_correlativa_tipo`)
) ENGINE=InnoDB AUTO_INCREMENT=40 DEFAULT CHARSET=utf8 COLLATE=utf8_spanish_ci COMMENT='Tabla de unión para definir el tipo de correlatividad y correlatividades de las materias.';

--
-- Volcado de datos para la tabla `correlativas`
--

INSERT INTO `correlativas` (`id`, `id_ciclo_materia`, `id_correlativa`, `id_correlativa_tipo`) VALUES
(1, 3, 1, 3),
(2, 3, 2, 3),
(4, 5, 2, 3),
(5, 6, 1, 3),
(6, 7, 2, 3),
(7, 7, 3, 3),
(8, 8, 1, 3),
(9, 8, 4, 3),
(10, 9, 6, 3),
(11, 10, 7, 3),
(12, 11, 8, 3),
(13, 12, 8, 3),
(14, 13, 7, 3),
(15, 14, 10, 3),
(16, 15, 8, 3),
(17, 16, 12, 3),
(18, 16, 15, 3),
(19, 17, 8, 3),
(20, 18, 13, 3),
(21, 19, 13, 3),
(22, 20, 14, 3),
(23, 21, 15, 3),
(24, 22, 16, 3),
(25, 23, 13, 3),
(26, 23, 14, 3),
(27, 23, 18, 3),
(28, 24, 19, 3),
(29, 25, 19, 3),
(30, 25, 23, 3),
(31, 26, 20, 3),
(32, 27, 21, 3),
(33, 27, 23, 3),
(34, 28, 25, 3),
(35, 28, 27, 3),
(36, 29, 23, 3),
(37, 30, 17, 3),
(38, 30, 20, 3),
(39, 28, 29, 3);

-- --------------------------------------------------------

--
-- Estructura de tabla para la tabla `correlativas_tipo`
--

DROP TABLE IF EXISTS `correlativas_tipo`;
CREATE TABLE IF NOT EXISTS `correlativas_tipo` (
  `id` int(11) NOT NULL AUTO_INCREMENT,
  `descripcion` varchar(50) CHARACTER SET utf8 DEFAULT NULL,
  PRIMARY KEY (`id`)
) ENGINE=InnoDB AUTO_INCREMENT=4 DEFAULT CHARSET=utf8 COLLATE=utf8_spanish_ci COMMENT='Datos básicos de los tipos de correlatividades.' ROW_FORMAT=COMPRESSED;

--
-- Volcado de datos para la tabla `correlativas_tipo`
--

INSERT INTO `correlativas_tipo` (`id`, `descripcion`) VALUES
(1, 'Regularizada para cursar'),
(2, 'Aprobada para cursar'),
(3, 'Aprobada para rendir');

-- --------------------------------------------------------

--
-- Estructura de tabla para la tabla `cursos`
--

DROP TABLE IF EXISTS `cursos`;
CREATE TABLE IF NOT EXISTS `cursos` (
  `id` bigint(20) NOT NULL AUTO_INCREMENT,
  `fecha_inicio` date NOT NULL,
  `fecha_fin` date NOT NULL,
  `modalidad` varchar(300) COLLATE utf8_spanish_ci DEFAULT NULL,
  `nombre` varchar(300) COLLATE utf8_spanish_ci NOT NULL,
  `enlace` varchar(300) COLLATE utf8_spanish_ci DEFAULT NULL,
  `profesor` varchar(150) COLLATE utf8_spanish_ci DEFAULT NULL,
  `publicado` tinyint(1) NOT NULL,
  PRIMARY KEY (`id`)
) ENGINE=InnoDB DEFAULT CHARSET=utf8 COLLATE=utf8_spanish_ci COMMENT='Datos básicos de los cursos.';

-- --------------------------------------------------------

--
-- Estructura de tabla para la tabla `cvar`
--

DROP TABLE IF EXISTS `cvar`;
CREATE TABLE IF NOT EXISTS `cvar` (
  `id` int(11) NOT NULL AUTO_INCREMENT,
  `id_docente` int(11) NOT NULL,
  `areas` varchar(500) CHARACTER SET latin1 DEFAULT NULL,
  `experticia` varchar(500) CHARACTER SET latin1 DEFAULT NULL,
  `grado` varchar(500) CHARACTER SET latin1 DEFAULT NULL,
  `especializacion` varchar(500) CHARACTER SET latin1 DEFAULT NULL,
  `maestria` varchar(500) CHARACTER SET latin1 DEFAULT NULL,
  `doctorado` varchar(500) CHARACTER SET latin1 DEFAULT NULL,
  PRIMARY KEY (`id`),
  KEY `id_docente` (`id_docente`)
) ENGINE=InnoDB DEFAULT CHARSET=utf8 COLLATE=utf8_spanish_ci COMMENT='Datos de un CV resumido de los docentes.';

-- --------------------------------------------------------

--
-- Estructura de tabla para la tabla `docentes`
--

DROP TABLE IF EXISTS `docentes`;
CREATE TABLE IF NOT EXISTS `docentes` (
  `id` int(10) NOT NULL AUTO_INCREMENT,
  `persona_id` bigint(20) NOT NULL,
  `id_docente_categoria` int(11) DEFAULT NULL,
  `descripcion` blob,
  PRIMARY KEY (`id`),
  KEY `docente_categoria_idx` (`id_docente_categoria`),
  KEY `persona_id` (`persona_id`)
) ENGINE=InnoDB AUTO_INCREMENT=55 DEFAULT CHARSET=utf8 COLLATE=utf8_spanish_ci COMMENT='Datos básicos de los docentes.' ROW_FORMAT=COMPRESSED;

--
-- Volcado de datos para la tabla `docentes`
--

INSERT INTO `docentes` (`id`, `persona_id`, `id_docente_categoria`, `descripcion`) VALUES
(2, 2, 3, 0x3c646976207374796c653d22746578742d616c69676e3a206c656674223e0d0a093c756c3e0d0a09093c6c693e0d0a0909095b41424f47414441202d2045737461646f20436f6d706c65746f5d3c2f6c693e0d0a093c2f756c3e0d0a093c646976207374796c653d22746578742d616c69676e3a206a7573746966793b223e0d0a09093c6c6162656c3e3c623e457870657274696369613a3c2f623e3c2f6c6162656c3e3c6272202f3e0d0a090946554e43494f4e415249412044454c20504f444552204a5544494349414c204445204c412050434941204445204c412052494f4a412c20444f43454e544520554e495645525349544152494120554e4445433c6272202f3e0d0a09093c6c6162656c3e3c623e264161637574653b7265612064652061637475616369266f61637574653b6e3a3c2f623e3c2f6c6162656c3e3c6272202f3e0d0a09095b4349454e4349415320534f4349414c455320266e646173683b204445524543484f5d3c2f6469763e0d0a3c2f6469763e0d0a3c703e0d0a09266e6273703b3c2f703e0d0a),
(3, 3, 1, 0x3c646976207374796c653d22746578742d616c69676e3a206c656674223e0d0a093c756c3e0d0a09093c6c693e0d0a0909095b41424f47414441202d2045737461646f20436f6d706c65746f5d3c2f6c693e0d0a09093c6c693e0d0a0909095b50524f43555241444f5241202d2045737461646f20436f6d706c65746f5d3c2f6c693e0d0a09093c6c693e0d0a0909095b4d4147264961637574653b5354455220454e2044524f4741444550454e44454e434941202d2045737461646f20496e636f6d706c65746f5d3c2f6c693e0d0a093c2f756c3e0d0a093c646976207374796c653d22746578742d616c69676e3a206a7573746966793b223e0d0a09093c6c6162656c3e3c623e457870657274696369613a3c2f623e3c2f6c6162656c3e3c6272202f3e0d0a0909454e204553544120455241204445204c4120504f53544d4f4445524e4944414420444f4e4445204c41205245414c494441442056412041205041534f532041474947414e5441444f532059204c4120534f43494544414420535546524520434f4e5354414e544553205452414e53464f524d4143494f4e4553204d55544143494f4e455320454e205355204553545255435455524153204d55455354524120444520454c4c4f204c4f204e5545564f53204d4f44454c4f532044452046414d494c4941204d415452494d4f4e494f20494755414c49544152494f20454c2050524f594543544f204445205245464f524d412044454c204e5545564f2043264f61637574653b4449474f20434956494c205920434f4d45524349414c204c41204c45592044452052494553474f2044452054524142414a4f2059204f54524f5320484143454e204c41204e45434553494441442051554520454c2045445543414e444f20534520434150414349544520434f4e5354414e54454d454e544520592051554520535520524f4c2041435449564f20434f4e20434f4d50524f4d49534f20524553504f4e534142494c49444144205920524553504554414e444f204c4120444956455253494441443c6272202f3e0d0a09093c6c6162656c3e3c623e264161637574653b7265612064652061637475616369266f61637574653b6e3a3c2f623e3c2f6c6162656c3e3c6272202f3e0d0a09095b4349454e4349415320534f4349414c455320266e646173683b204445524543484f5d3c2f6469763e0d0a3c2f6469763e0d0a3c703e0d0a09266e6273703b3c2f703e0d0a),
(4, 4, 4, 0x3c646976207374796c653d22746578742d616c69676e3a206c656674223e0d0a093c756c3e0d0a09093c6c693e0d0a0909095b41424f47414441202d2045737461646f20436f6d706c65746f5d3c2f6c693e0d0a093c2f756c3e0d0a093c646976207374796c653d22746578742d616c69676e3a206a7573746966793b223e0d0a09093c6c6162656c3e3c623e457870657274696369613a3c2f623e3c2f6c6162656c3e3c6272202f3e0d0a090941424f47414441204547524553414441204445204c4120554e495645525349444144204e4143494f4e414c204445204348494c454349544f2e204449504c4f4d414441205355504552494f5220454e20464f524d414349264f61637574653b4e20444f43454e54452e204a4546452044452054524142414a4f53205052264161637574653b435449434f53204445204c4120415349474e4154555241204445524543484f2041444d494e49535452415449564f204445204c4120434152524552412044452041424f474143264961637574653b41204445204c4120554e495645525349444144204e4143494f4e414c204445204348494c454349544f2e3c6272202f3e0d0a09093c6c6162656c3e3c623e264161637574653b7265612064652061637475616369266f61637574653b6e3a3c2f623e3c2f6c6162656c3e3c6272202f3e0d0a09095b4349454e4349415320534f4349414c455320266e646173683b204445524543484f5d3c2f6469763e0d0a3c2f6469763e0d0a3c703e0d0a09266e6273703b3c2f703e0d0a),
(5, 5, 4, 0x3c646976207374796c653d22746578742d616c69676e3a206c656674223e0d0a093c756c3e0d0a09093c6c693e0d0a0909095b455343524942414e41205055424c494341204e4143494f4e414c202d2045737461646f20436f6d706c65746f5d3c2f6c693e0d0a09093c6c693e0d0a0909095b41424f47414441202d2045737461646f20436f6d706c65746f5d3c2f6c693e0d0a093c2f756c3e0d0a093c646976207374796c653d22746578742d616c69676e3a206a7573746966793b223e0d0a09093c6c6162656c3e3c623e457870657274696369613a3c2f623e3c2f6c6162656c3e3c6272202f3e0d0a0909444f43454e5445204445204c41204d4154455249412046414d494c49412059205355434553494f4e455320454e204c4120554e44454320454e204c4120434152524552412044452041424f474143494120434c415345532054454f52494341532059205052414354494341532e20455343524942414e412050265561637574653b424c494341204e4143494f4e414c20434f4e20444553454d5045264e74696c64653b4f20454e20454c20534543544f52205052495641444f2e2d3c6272202f3e0d0a09093c6c6162656c3e3c623e264161637574653b7265612064652061637475616369266f61637574653b6e3a3c2f623e3c2f6c6162656c3e3c6272202f3e0d0a09095b4349454e4349415320534f4349414c455320266e646173683b204445524543484f5d3c2f6469763e0d0a3c2f6469763e0d0a3c703e0d0a09266e6273703b3c2f703e0d0a),
(6, 6, 1, 0x3c646976207374796c653d22746578742d616c69676e3a206c656674223e0d0a093c756c3e0d0a09093c6c693e0d0a0909095b4e4f54415249412f20455343524942414e41202d2045737461646f20436f6d706c65746f5d3c2f6c693e0d0a09093c6c693e0d0a0909095b41424f47414441202d2045737461646f20436f6d706c65746f3c2f6c693e0d0a09093c6c693e0d0a0909095b50524f43555241444f5241202d2045737461646f20436f6d706c65746f5d3c2f6c693e0d0a09093c6c693e0d0a0909095b4d45444941444f5220455350454349414c4953544120454e2046414d494c4941202d2045737461646f20436f6d706c65746f5d3c2f6c693e0d0a09093c6c693e0d0a0909095b444f43544f5220454e204e4f5441524941444f202d2045737461646f20496e636f6d706c65746f5d3c2f6c693e0d0a093c2f756c3e0d0a093c646976207374796c653d22746578742d616c69676e3a206a7573746966793b223e0d0a09093c6c6162656c3e3c623e457870657274696369613a3c2f623e3c2f6c6162656c3e3c6272202f3e0d0a090941424f474144412e2043414d504f204449534349504c494e41523a204445524543484f20524f4d414e4f3c6272202f3e0d0a09093c6c6162656c3e3c623e264161637574653b7265612064652061637475616369266f61637574653b6e3a3c2f623e3c2f6c6162656c3e3c6272202f3e0d0a09095b4349454e4349415320534f4349414c455320266e646173683b204445524543484f5d3c2f6469763e0d0a3c2f6469763e0d0a),
(7, 7, 3, 0x3c646976207374796c653d22746578742d616c69676e3a206c656674223e0d0a093c756c3e0d0a09093c6c693e0d0a0909095b41424f47414441202d2045737461646f20436f6d706c65746f5d3c2f6c693e0d0a093c2f756c3e0d0a093c646976207374796c653d22746578742d616c69676e3a206a7573746966793b223e0d0a09093c6c6162656c3e3c623e457870657274696369613a3c2f623e3c2f6c6162656c3e3c6272202f3e0d0a090941424f4741444120454e20454a4552434943494f204445204c412050524f46455349264f61637574653b4e2c20434f4e2041435449564944414420444f43454e5445204520494e56455354494741444f524120414d424153205441524541532041504c49434144415320414c204445524543484f20434f4d45524349414c2e3c6272202f3e0d0a09093c6c6162656c3e3c623e264161637574653b7265612064652061637475616369266f61637574653b6e3a3c2f623e3c2f6c6162656c3e3c6272202f3e0d0a09095b4349454e4349415320534f4349414c455320266e646173683b204445524543484f5d3c2f6469763e0d0a3c2f6469763e0d0a3c703e0d0a09266e6273703b3c2f703e0d0a),
(8, 8, 4, 0x3c646976207374796c653d22746578742d616c69676e3a206c656674223e0d0a093c756c3e0d0a09093c6c693e0d0a0909095b41424f4741444f202d2045737461646f20436f6d706c65746f5d3c2f6c693e0d0a093c2f756c3e0d0a093c646976207374796c653d22746578742d616c69676e3a206a7573746966793b223e0d0a09093c6c6162656c3e3c623e457870657274696369613a3c2f623e3c2f6c6162656c3e3c6272202f3e0d0a0909444f43454e54452044454c20444550415254414d454e544f204445204349454e4349415320534f4349414c45532c204a5552264961637574653b444943415320592045434f4e264f61637574653b4d494341533c6272202f3e0d0a09093c6c6162656c3e3c623e264161637574653b7265612064652061637475616369266f61637574653b6e3a3c2f623e3c2f6c6162656c3e3c6272202f3e0d0a09095b4349454e4349415320534f4349414c455320266e646173683b204445524543484f5d3c2f6469763e0d0a3c2f6469763e0d0a3c703e0d0a09266e6273703b3c2f703e0d0a),
(9, 9, 2, 0x3c646976207374796c653d22746578742d616c69676e3a206c656674223e0d0a093c756c3e0d0a09093c6c693e0d0a0909095b4c4943454e4349415455524120454e2046494c4f534f46264961637574653b412059204349454e43494153204445204c412045445543414349264f61637574653b4e202d2045737461646f20436f6d706c65746f5d3c2f6c693e0d0a09093c6c693e0d0a0909095b50524f4645534f522044452046494c4f534f46264961637574653b41202d2045737461646f20436f6d706c65746f5d3c2f6c693e0d0a09093c6c693e0d0a0909095b444f43544f5220454e2046494c4f534f46264961637574653b412059204349454e43494153204445204c412045445543414349264f61637574653b4e202d2045737461646f20436f6d706c65746f5d3c2f6c693e0d0a093c2f756c3e0d0a093c646976207374796c653d22746578742d616c69676e3a206a7573746966793b223e0d0a09093c6c6162656c3e3c623e457870657274696369613a3c2f623e3c2f6c6162656c3e3c6272202f3e0d0a0909264561637574653b5449434120592052454c494749264f61637574653b4e2c20444f43544f5220454e2046494c4f534f46264961637574653b4120504f52204c4120554e4956455253494441442044454c205041264961637574653b5320564153434f205920504f53444f43544f5241444f20454e20454c2043454e54524f204445204553545544494f5320414d4249454e54414c455320454e204c4120554e495645525349444144204155535452414c204445204348494c452e204445534445204c4120494e564553544947414349264f61637574653b4e20504f53444f43544f52414c204d4520484520455350454349414c495a41444f2c20504f5220554e204c41444f2c20454e204c4120434f525249454e54452046494c4f53264f61637574653b46494341202671756f743b45434f4c4f47264961637574653b412050524f46554e44412671756f743b2c20454e20535553204c494e45414d49454e544f53204c495445524152494f53202845434f4352264961637574653b54494341292c20455354264161637574653b5449434f5320284c414e44204152542920592046494c4f53264f61637574653b4649434f53202845434f534f46264961637574653b41292c20544f444f20454c4c4f20454e474c4f4241444f2044454e54524f204445204c4f205155452053452044454e4f4d494e412046494c4f534f46264961637574653b4120414d4249454e54414c2c205920504f52204f54524f204c41444f2c20454e204c415320494d504c49434143494f4e45532046494c4f53264f61637574653b464943415320515545204c41204349454e4349412059204c41205445434e4f4c4f47264961637574653b412050524f445543454e20454e204c4120534f43494544414420454e204c4f2052454c415449564f20414c204445544552494f524f20414d4249454e54414c2c2059204c415320494d504c49434143494f4e4553204445204c4153205445434e4f4c4f47264961637574653b4153204445204c4120494e464f524d414349264f61637574653b4e205920434f4d554e4943414349264f61637574653b4e20285449432920454e204c412045445543414349264f61637574653b4e2e3c6272202f3e0d0a09093c6c6162656c3e3c623e264161637574653b7265612064652061637475616369266f61637574653b6e3a3c2f623e3c2f6c6162656c3e3c2f6469763e0d0a093c646976207374796c653d22746578742d616c69676e3a206a7573746966793b223e0d0a09095b48554d414e494441444553202d2046494c4f534f46264961637574653b415d3c2f6469763e0d0a3c2f6469763e0d0a),
(10, 10, 4, 0x3c646976207374796c653d22746578742d616c69676e3a206c656674223e0d0a093c756c3e0d0a09093c6c693e0d0a0909095b41424f47414441202d2045737461646f20436f6d706c65746f5d3c2f6c693e0d0a093c2f756c3e0d0a093c646976207374796c653d22746578742d616c69676e3a206a7573746966793b223e0d0a09093c6c6162656c3e3c623e457870657274696369613a3c2f623e3c2f6c6162656c3e3c6272202f3e0d0a0909444f43454e5445204445204c4120554e44454320454e204c41532043415252455241532044452041424f474143264961637574653b4120454e20454c2043414d504f204445204445524543484f204c41424f52414c205920444f43454e5445204f5244494e4152494120454e204c41204341525245524120444520494e47454e494552264961637574653b41204147524f4e264f61637574653b4d49434120454e204c454749534c414349264f61637574653b4e20414752415249412e20414e5445434544454e54455320444520444553454d5045264e74696c64653b4f2050524f464553494f4e414c20454e2046554e4349264f61637574653b4e204a5544494349414c204445204c412050524f56494e434941204445204c412052494f4a41202846495343414c264961637574653b4120444520494e53545255434349264f61637574653b4e20592046495343414c264961637574653b412044452043264161637574653b4d41524129205920444553444520454c2032303133204841535441204c412041435455414c4944414420444553454d5045264e74696c64653b4f20434f4d4f20434f4f5244494e41444f5241204445204745535449264f61637574653b4e2041434144264561637574653b4d494341204445204c4120554e4445432c20434f4e20434f4e4f43494d49454e544f20454e2053495354454d4153204445204745535449264f61637574653b4e2041434144264561637574653b4d4943412c2047455354494f4e455320414e5445204c4120444e4720592046552c2050524f4345534f532044452041435245444954414349264f61637574653b4e2044452043415252455241532c20504c414e4553204445204553545544494f532c204554432c3c6272202f3e0d0a09093c6c6162656c3e3c623e264161637574653b7265612064652061637475616369266f61637574653b6e3a3c2f623e3c2f6c6162656c3e3c6272202f3e0d0a09095b4349454e4349415320534f4349414c455320266e646173683b204445524543484f5d3c2f6469763e0d0a3c2f6469763e0d0a3c703e0d0a09266e6273703b3c2f703e0d0a),
(11, 11, 2, 0x3c646976207374796c653d22746578742d616c69676e3a206c656674223e0d0a093c756c3e0d0a09093c6c693e0d0a0909095b41424f4741444f202d2045737461646f20436f6d706c65746f5d3c2f6c693e0d0a09093c6c693e0d0a0909095b4d4147495354455220454e204445524543484f20494e5445524e4143494f4e414c205052495641444f202d2045737461646f20496e636f6d706c65746f5d3c2f6c693e0d0a093c2f756c3e0d0a093c646976207374796c653d22746578742d616c69676e3a206a7573746966793b223e0d0a09093c6c6162656c3e3c623e457870657274696369613a3c2f623e3c2f6c6162656c3e3c6272202f3e0d0a0909504f53454f20554e4120455854454e534120545241594543544f52494120444f43454e544520454e20475241444f205920504f53475241444f20454e2054454d41532052454c4143494f4e41444f5320434f4e20454c204445524543484f20494e5445524e4143494f4e414c205052495641444f2059204d4520484520444544494341444f204120494e5645535449474152204c41204a5552495350525544454e4349412059204e4f524d4154495641204558495354454e544520412046494e2044452048414345524c4120415345515549424c452041204c4120434f4d554e49444144205554494c495a414e444f205445434e4f4c4f474941532044452041434345534f2041204c4120494e464f524d4143494f4e2e20434f4d4f20465255544f2044452045534120544152454120534f59204155544f5220592041444d494e4953545241444f5220444520554e20534954494f2057454220455350454349414c495a41444f20454e204445524543484f20494e5445524e4143494f4e414c205052495641444f2c204c4c414d41444f204449505220415247454e54494e412028485454503a2f2f44495052415247454e54494e412e434f4d292051554520434f4e5449454e4520434f4d454e544152494f5320412046414c4c4f532c20415254264961637574653b43554c4f5320444520444f435452494e412c204e4f544153204249424c494f4752264161637574653b46494341532059204e4f5645444144455320454e204c41204d4154455249412e20454c20534954494f205449454e4520554e41205345434349264f61637574653b4e2044452046414c4c4f5320515545205245265561637574653b4e45204a5552495350525544454e43494120415247454e54494e41204445204c41204d41544552494120284d264161637574653b5320444520313530302046414c4c4f53292053495354454d4154495a41444120504f522054454d4153205920434f4e2050414c414252415320434c415645532051554520464143494c4954414e20535520434f4d5052454e5349264f61637574653b4e2e2054414d4249264561637574653b4e205449454e4520554e204255534341444f5220494e5445524e4f20515545205045524d49544520454e434f4e545241522052264161637574653b504944414d454e5445204c4f532046414c4c4f5320504f522054454d412c2054524942554e414c204f204e4f4d425245204445204c4153205041525445532e204f545241204445204c41532053454343494f4e45532044454c20534954494f20534520454e4355454e5452412044454449434144412041204c4153204e4f524d4153204445204c41204d4154455249412028414c52454445444f5220444520323030205452415441444f53292e3c6272202f3e0d0a09093c6c6162656c3e3c623e264161637574653b7265612064652061637475616369266f61637574653b6e3a3c2f623e3c2f6c6162656c3e3c6272202f3e0d0a09095b4349454e4349415320534f4349414c455320266e646173683b204445524543484f5d3c2f6469763e0d0a3c2f6469763e0d0a3c703e0d0a09266e6273703b3c2f703e0d0a),
(12, 12, 3, 0x3c646976207374796c653d22746578742d616c69676e3a206c656674223e0d0a093c756c3e0d0a09093c6c693e0d0a0909095b41424f4741444f202d2045737461646f20436f6d706c65746f5d3c2f6c693e0d0a093c2f756c3e0d0a093c646976207374796c653d22746578742d616c69676e3a206a7573746966793b223e0d0a09093c6c6162656c3e3c623e457870657274696369613a3c2f623e3c2f6c6162656c3e3c6272202f3e0d0a0909444f43454e54452044454c20444550415254414d454e544f204445204349454e4349415320534f4349414c45532c204a5552264961637574653b444943415320592045434f4e264f61637574653b4d494341533c6272202f3e0d0a09093c6c6162656c3e3c623e264161637574653b7265612064652061637475616369266f61637574653b6e3a3c2f623e3c2f6c6162656c3e3c6272202f3e0d0a09095b4349454e4349415320534f4349414c455320266e646173683b204445524543484f5d3c2f6469763e0d0a3c2f6469763e0d0a3c703e0d0a09266e6273703b3c2f703e0d0a),
(13, 13, 3, 0x3c646976207374796c653d22746578742d616c69676e3a206c656674223e0d0a093c756c3e0d0a09093c6c693e0d0a0909095b41424f4741444f202d2045737461646f20436f6d706c65746f5d3c2f6c693e0d0a09093c6c693e0d0a0909095b4e4f544152494f202d2045737461646f20436f6d706c65746f5d3c2f6c693e0d0a093c2f756c3e0d0a093c646976207374796c653d22746578742d616c69676e3a206a7573746966793b223e0d0a09093c6c6162656c3e3c623e457870657274696369613a3c2f623e3c2f6c6162656c3e3c6272202f3e0d0a0909444f43454e544520494e544552494e4f20554e444543204445524543484f20434f4d45524349414c204920592049493c6272202f3e0d0a09093c6c6162656c3e3c623e264161637574653b7265612064652061637475616369266f61637574653b6e3a3c2f623e3c2f6c6162656c3e3c6272202f3e0d0a09095b4349454e4349415320534f4349414c455320266e646173683b204445524543484f5d3c2f6469763e0d0a3c2f6469763e0d0a3c703e0d0a09266e6273703b3c2f703e0d0a),
(14, 14, 3, 0x3c646976207374796c653d22746578742d616c69676e3a206c656674223e0d0a093c756c3e0d0a09093c6c693e0d0a0909095b41424f4741444f202d2045737461646f20436f6d706c65746f5d3c2f6c693e0d0a093c2f756c3e0d0a093c646976207374796c653d22746578742d616c69676e3a206a7573746966793b223e0d0a09093c6c6162656c3e3c623e457870657274696369613a3c2f623e3c2f6c6162656c3e3c6272202f3e0d0a090941424f4741444f2e205345435245544152494f204445204745535449264f61637574653b4e20434f4d554e49544152494120554e4445432e2d3c6272202f3e0d0a09093c6c6162656c3e3c623e264161637574653b7265612064652061637475616369266f61637574653b6e3a3c2f623e3c2f6c6162656c3e3c6272202f3e0d0a09095b4349454e4349415320534f4349414c455320266e646173683b204445524543484f5d3c2f6469763e0d0a3c2f6469763e0d0a3c703e0d0a09266e6273703b3c2f703e0d0a),
(15, 15, 4, 0x3c646976207374796c653d22746578742d616c69676e3a206c656674223e0d0a093c756c3e0d0a09093c6c693e0d0a0909095b41424f4741444f202d2045737461646f20436f6d706c65746f5d3c2f6c693e0d0a093c2f756c3e0d0a093c646976207374796c653d22746578742d616c69676e3a206a7573746966793b223e0d0a09093c6c6162656c3e3c623e457870657274696369613a3c2f623e3c2f6c6162656c3e3c6272202f3e0d0a0909444f43454e544520494e544552494e4f20454e204c415320415349474e415455524153204445524543484f2050454e414c20492059204445524543484f2050454e414c204949204445204c4120434152524552412041424f474143264961637574653b412059204445204c4120415349474e4154555241204c454749534c414349264f61637574653b4e204445204c415320434152524552415320494e47454e494552264961637574653b4120454e2053495354454d41532c204c4943454e4349415455524120454e2053495354454d41532059205445434e4943415455524120554e495645525349544152494120454e2041504c49434143494f4e4553205745422c20544f444153204445204c4120554e495645525349444144204e4143494f4e414c204445204348494c454349544f2e444f43454e544520494e56455354494741444f522c20494e54454752414e54452044454c2045515549504f2044452054524142414a4f20444520494e564553544947414349264f61637574653b4e2044454e4f4d494e41444f20434f4e53454355454e43494153204445204c41204d454449414349264f61637574653b4e20534f4349414c20454e204c4120434f4e53545255434349264f61637574653b4e204445204c4120494e53454755524944414420454e204348494c454349544f2c2041435455414c4d454e544520454e20454a4543554349264f61637574653b4e20434f4e2046494e414e4349414d49454e544f20464943595420323031312e3c6272202f3e0d0a09093c6c6162656c3e3c623e264161637574653b7265612064652061637475616369266f61637574653b6e3a3c2f623e3c2f6c6162656c3e3c6272202f3e0d0a09095b4349454e4349415320534f4349414c455320266e646173683b204445524543484f5d3c2f6469763e0d0a3c2f6469763e0d0a3c703e0d0a09266e6273703b3c2f703e0d0a),
(16, 16, 3, 0x3c646976207374796c653d22746578742d616c69676e3a206c656674223e0d0a093c756c3e0d0a09093c6c693e0d0a0909095b41424f4741444f202d2045737461646f20436f6d706c65746f5d3c2f6c693e0d0a093c2f756c3e0d0a093c646976207374796c653d22746578742d616c69676e3a206a7573746966793b223e0d0a09093c6c6162656c3e3c623e457870657274696369613a3c2f623e3c2f6c6162656c3e3c6272202f3e0d0a0909434f4d4f2050524f4645534f52204445204c4120415349474e4154555241204445524543484f205052495641444f2049494920284445524543484f204445204c4f5320434f4e545241544f53292c205041524120454c204449435441444f20444520434c415345532050524553454e4349414c45532c20534520494d504c454d454e54414e205052494e434950414c4d454e5445205245435552534f532054264561637574653b434e49434f532d494e464f524d264161637574653b5449434f5320412054524156264561637574653b53204445204c41205554494c495a414349264f61637574653b4e2044454c20504f57455220504f494e542c20434f4e20464947555241532c204449414752414d41532c2043554144524f532053494e264f61637574653b505449434f532059204d4150415320434f4e4345505455414c4553204445204341444120554e494441442051554520494e544547524120454c2050524f4752414d41204445204c4120415349474e41545552412041204445534152524f4c4c41522e204153494d49534d4f20534520524543555252452041204755264961637574653b4153204445204553545544494f2059204c454354555241204445204341534f53204445204a5552495350525544454e4349412c2059204120504152544952204445204148264961637574653b205345204558504c49434120454c2054454d412041205452415441522e2050415241204c412052454345504349264f61637574653b4e204445204c4f53204558264161637574653b4d454e4553205041524349414c45532c20534520494d504c454d454e54414e20434f4d42494e4143494f4e45532044452050524547554e54415320534f4252452054454d41532041204445534152524f4c4c41522c20434f4e204d265561637574653b4c5449504c45204f504349264f61637574653b4e2c2056455244414445524f5320592046414c534f532c204554432e2041435455414c4d454e5445204d4520454e4355454e54524f2050524f46554e44495a414e444f204553545544494f532050524556494f5320534f425245204445524543484f532044454c20434f4e53554d49444f5220434f4d4f204449534349504c494e412044454c204445524543484f205052495641444f20454e20464f524d414349264f61637574653b4e2e3c6272202f3e0d0a09093c6c6162656c3e3c623e264161637574653b7265612064652061637475616369266f61637574653b6e3a3c2f623e3c2f6c6162656c3e3c6272202f3e0d0a09095b4349454e4349415320534f4349414c455320266e646173683b204445524543484f5d3c2f6469763e0d0a3c2f6469763e0d0a3c703e0d0a09266e6273703b3c2f703e0d0a),
(17, 17, 3, 0x3c646976207374796c653d22746578742d616c69676e3a206c656674223e0d0a093c756c3e0d0a09093c6c693e0d0a0909095b455350454349414c4953544120454e204445524543484f20414d4249454e54414c20592044454c2050415452494d4f4e494f2043554c545552414c20284f544f524741444f20504f52204c4120554e4c29202d204d415354455220454e204445524543484f20414d4249454e54414c205920555242414e264961637574653b535449434f20284f544f524741444f20504f52204c4120554e495645525349444144204445204c494d4f47455329202d2045737461646f20496e636f6d706c65746f5d3c2f6c693e0d0a09093c6c693e0d0a0909095b44455353204449504c4f4d41444f204445204553545544494f53205355504552494f52455320455350454349414c495a41444f5320454e2045434f4c4f47264961637574653b412048554d414e41202d2045737461646f20436f6d706c65746f5d3c2f6c693e0d0a09093c6c693e0d0a0909095b444f43544f5220454e204f5244454e414d49454e544f205445525249544f5249414c2059204445534152524f4c4c4f20534f5354454e49424c45202d2045737461646f20496e636f6d706c65746f5d3c2f6c693e0d0a093c2f756c3e0d0a093c646976207374796c653d22746578742d616c69676e3a206a7573746966793b223e0d0a09093c6c6162656c3e3c623e457870657274696369613a3c2f623e3c2f6c6162656c3e3c6272202f3e0d0a0909534f59204c4943454e434941444120454e204445524543484f2028554e494c2c205355495a41292059204d415354455220454e2045434f4c4f47264961637574653b412048554d414e412028554e494c2d554e4947452c205355495a41292e204553544f592048414349454e444f20454c20444f43544f5241444f20454e204f5244454e414d49454e544f205445525249544f5249414c2059204445534152524f4c4c4f20534f5354454e49424c452028554e4355594f292e20454c2054264961637574653b54554c4f2054454e54415449564f204445204d492054455349532045533a202671756f743b4f5244454e414d49454e544f205445525249544f5249414c3a20454c454d454e544f53204e4f524d415449564f53205041524120554e204445534152524f4c4c4f20534f5354454e49424c452e20454c204341534f20415247454e54494e4f2671756f743b2e204d4920455350454349414c4944414420455320454c204445524543484f20414d4249454e54414c2e3c6272202f3e0d0a09093c6c6162656c3e3c623e264161637574653b7265612064652061637475616369266f61637574653b6e3a3c2f623e3c2f6c6162656c3e3c6272202f3e0d0a09095b4349454e4349415320534f4349414c455320266e646173683b204445524543484f5d3c2f6469763e0d0a3c2f6469763e0d0a3c703e0d0a09266e6273703b3c2f703e0d0a),
(18, 18, 5, 0x3c646976207374796c653d22746578742d616c69676e3a206c656674223e0d0a093c756c3e0d0a09093c6c693e0d0a0909095b41424f47414441202d2045737461646f20436f6d706c65746f5d3c2f6c693e0d0a093c2f756c3e0d0a093c646976207374796c653d22746578742d616c69676e3a206a7573746966793b223e0d0a09093c6c6162656c3e3c623e457870657274696369613a3c2f623e3c2f6c6162656c3e3c6272202f3e0d0a0909444f43454e544520494e544552494e41202d2041595544414e5445204445205052494d45524120454e204c415320415349474e415455524153204445524543484f2050524f434553414c20434956494c2059204c41424f52414c204445204c4120434152524552412041424f474143264961637574653b41204445204c4120554e495645525349444144204e4143494f4e414c204445204348494c454349544f3c6272202f3e0d0a09093c6c6162656c3e3c623e264161637574653b7265612064652061637475616369266f61637574653b6e3a3c2f623e3c2f6c6162656c3e3c6272202f3e0d0a09095b4349454e4349415320534f4349414c455320266e646173683b204445524543484f5d3c2f6469763e0d0a3c2f6469763e0d0a3c703e0d0a09266e6273703b3c2f703e0d0a),
(19, 19, 4, 0x3c646976207374796c653d22746578742d616c69676e3a206c656674223e0d0a093c756c3e0d0a09093c6c693e0d0a0909095b41424f4741444f202d2045737461646f20436f6d706c65746f5d3c2f6c693e0d0a09093c6c693e0d0a0909095b455350454349414c4953544120454e20434f52504f524154452046494e414e43452026616d703b204c4157202d2045737461646f20436f6d706c65746f5d3c2f6c693e0d0a09093c6c693e0d0a0909095b4d4147264961637574653b5354455220454e204445524543484f20454d505245534152494f202d2045737461646f20436f6d706c65746f5d3c2f6c693e0d0a093c2f756c3e0d0a093c646976207374796c653d22746578742d616c69676e3a206a7573746966793b223e0d0a09093c6c6162656c3e3c623e457870657274696369613a3c2f623e3c2f6c6162656c3e3c6272202f3e0d0a090941424f4741444f20434f4d45524349414c495354412e20455850455249454e4349412050524f464553494f4e414c20454e204445524543484f20534f434945544152494f3c6272202f3e0d0a09093c6c6162656c3e3c623e264161637574653b7265612064652061637475616369266f61637574653b6e3a3c2f623e3c2f6c6162656c3e3c6272202f3e0d0a09095b4349454e4349415320534f4349414c455320266e646173683b204445524543484f5d3c2f6469763e0d0a3c2f6469763e0d0a3c703e0d0a09266e6273703b3c2f703e0d0a),
(20, 20, 5, 0x3c646976207374796c653d22746578742d616c69676e3a206c656674223e0d0a093c756c3e0d0a09093c6c693e0d0a0909095b41424f4741444f202d2045737461646f20436f6d706c65746f5d3c2f6c693e0d0a093c2f756c3e0d0a093c646976207374796c653d22746578742d616c69676e3a206a7573746966793b223e0d0a09093c6c6162656c3e3c623e457870657274696369613a3c2f623e3c2f6c6162656c3e3c6272202f3e0d0a0909444f43454e544520494e544552494e4f20454e204c4120415349474e4154555241204445524543484f20434956494c204949492028434f4e545241544f5329204445204c4120434152524552412041424f474143264961637574653b41204445204c4120554e495645525349444144204e4143494f4e414c204445204348494c454349544f2e20444f43454e5445204445204445524543484f2059204c454749534c414349264f61637574653b4e204c4f43414c20454e204c412043415252455241204c4943454e4349415455524120454e2054555249534d4f2e3c6272202f3e0d0a09093c6c6162656c3e3c623e264161637574653b7265612064652061637475616369266f61637574653b6e3a3c2f623e3c2f6c6162656c3e3c6272202f3e0d0a09095b4349454e4349415320534f4349414c455320266e646173683b204445524543484f5d3c2f6469763e0d0a3c2f6469763e0d0a3c703e0d0a09266e6273703b3c2f703e0d0a),
(21, 21, 1, 0x3c646976207374796c653d22746578742d616c69676e3a206c656674223e0d0a093c756c3e0d0a09093c6c693e0d0a0909095b41424f47414441202d2045737461646f20436f6d706c65746f5d3c2f6c693e0d0a09093c6c693e0d0a0909095b455350454349414c4953544120454e20524547494d454e204a5552494449434f2044454c20434f4d455243494f204558544552494f52202d2045737461646f20436f6d706c65746f5d3c2f6c693e0d0a09093c6c693e0d0a0909095b444f43544f524120454e204445524543484f2059204349454e4349415320534f4349414c4553202d2045737461646f20436f6d706c65746f5d3c2f6c693e0d0a093c2f756c3e0d0a093c646976207374796c653d22746578742d616c69676e3a206a7573746966793b223e0d0a09093c6c6162656c3e3c623e457870657274696369613a3c2f623e3c2f6c6162656c3e3c6272202f3e0d0a09094144454d264161637574653b5320444520484142455220454a45524349444f204c494252454d454e5445204c412050524f46455349264f61637574653b4e20504f522033302041264e74696c64653b4f532c204445534445203139393620454e20515545204143434544264961637574653b20504f5220434f4e435552534f204120554e20434152474f204445204a4546452044452054524142414a4f53205052264161637574653b435449434f5320454e204c4120554e49562e204e41432e2044452043264f61637574653b52444f42412c2048452049444f204445444943264161637574653b4e444f4d4520434144412056455a204d264161637574653b532041204c41204143544956494441442041434144264561637574653b4d4943412c20455350454349414c495a264161637574653b4e444f4d4520454e20434f4d455243494f204558544552494f522c205452414e53504f525445204d4152264961637574653b54494d4f2059204145524f4e264161637574653b555449434f2c204445524543484f20414455414e45524f2c2054555249534d4f2e204153264961637574653b2c204845204f4254454e49444f204c4120455350454349414c49444144205920454c20444f43544f5241444f20454e204445524543484f20534f425245204553544120455350454349414c494441442c2048452047414e41444f20454c20434f4e435552534f2044452050524f4645534f5220544954554c415220454e20444f5320554e4956455253494441444553204e4143494f4e414c45532c20464f524d41444f2041204d264161637574653b532044452034302041445343524950544f53205920444952494749444f2056415249415320544553495320444f43544f52414c4553205920444520455350454349414c495a414349264f61637574653b4e2e204144454d264161637574653b53204845205349444f2044495354494e475549444120434f4e205052454d494f5320494e5445524e4143494f4e414c455320454e204445524543484f204d4152264961637574653b54494d4f2059204145524f4e264161637574653b555449434f20454e2043554154524f204f504f5254554e4944414445532e3c6272202f3e0d0a09093c6c6162656c3e3c623e264161637574653b7265612064652061637475616369266f61637574653b6e3a3c2f623e3c2f6c6162656c3e3c6272202f3e0d0a09095b4349454e4349415320534f4349414c455320266e646173683b204445524543484f5d3c2f6469763e0d0a3c2f6469763e0d0a3c703e0d0a09266e6273703b3c2f703e0d0a),
(22, 22, 3, 0x3c646976207374796c653d22746578742d616c69676e3a206c656674223e0d0a093c756c3e0d0a09093c6c693e0d0a0909095b41424f4741444f202d2045737461646f20436f6d706c65746f5d3c2f6c693e0d0a09093c6c693e0d0a0909095b455350454349414c495a414349264f61637574653b4e20454e204445524543484f2050454e414c202d2045737461646f20436f6d706c65746f5d3c2f6c693e0d0a093c2f756c3e0d0a093c646976207374796c653d22746578742d616c69676e3a206a7573746966793b223e0d0a09093c6c6162656c3e3c623e457870657274696369613a3c2f623e3c2f6c6162656c3e3c6272202f3e0d0a0909444f43454e54452044454c20444550415254414d454e544f204445204349454e4349415320534f4349414c45532c204a5552264961637574653b444943415320592045434f4e264f61637574653b4d494341533c6272202f3e0d0a09093c6c6162656c3e3c623e264161637574653b7265612064652061637475616369266f61637574653b6e3a3c2f623e3c2f6c6162656c3e3c6272202f3e0d0a09095b4349454e4349415320534f4349414c455320266e646173683b204445524543484f5d3c2f6469763e0d0a3c2f6469763e0d0a3c703e0d0a09266e6273703b3c2f703e0d0a),
(23, 23, 4, 0x3c646976207374796c653d22746578742d616c69676e3a206c656674223e0d0a093c756c3e0d0a09093c6c693e0d0a0909095b41424f4741444f2f41202d2045737461646f20436f6d706c65746f5d3c2f6c693e0d0a093c2f756c3e0d0a093c646976207374796c653d22746578742d616c69676e3a206a7573746966793b223e0d0a09093c6c6162656c3e3c623e457870657274696369613a3c2f623e3c2f6c6162656c3e3c6272202f3e0d0a0909444f43454e5445204445204c4120415349474e4154555241204445524543484f20434956494c2049493c6272202f3e0d0a09093c6c6162656c3e3c623e264161637574653b7265612064652061637475616369266f61637574653b6e3a3c2f623e3c2f6c6162656c3e3c6272202f3e0d0a09095b4349454e4349415320534f4349414c455320266e646173683b204445524543484f5d3c2f6469763e0d0a3c2f6469763e0d0a3c703e0d0a09266e6273703b3c2f703e0d0a),
(24, 24, 4, 0x3c646976207374796c653d22746578742d616c69676e3a206c656674223e0d0a093c756c3e0d0a09093c6c693e0d0a0909095b41424f4741444f202d2045737461646f20436f6d706c65746f5d3c2f6c693e0d0a093c2f756c3e0d0a093c646976207374796c653d22746578742d616c69676e3a206a7573746966793b223e0d0a09093c6c6162656c3e3c623e457870657274696369613a3c2f623e3c2f6c6162656c3e3c6272202f3e0d0a0909444f43454e54452044454c20444550415254414d454e544f204445204349454e4349415320534f4349414c45532c204a5552264961637574653b444943415320592045434f4e264f61637574653b4d494341533c6272202f3e0d0a09093c6c6162656c3e3c623e264161637574653b7265612064652061637475616369266f61637574653b6e3a3c2f623e3c2f6c6162656c3e3c6272202f3e0d0a09095b4349454e4349415320534f4349414c455320266e646173683b204445524543484f5d3c2f6469763e0d0a3c2f6469763e0d0a3c703e0d0a09266e6273703b3c2f703e0d0a),
(25, 25, 4, 0x3c646976207374796c653d22746578742d616c69676e3a206c656674223e0d0a093c756c3e0d0a09093c6c693e0d0a0909095b41424f47414441202d2045737461646f20436f6d706c65746f3c2f6c693e0d0a09093c6c693e0d0a0909095b50524f43555241444f5241202d2045737461646f20436f6d706c65746f5d3c2f6c693e0d0a093c2f756c3e0d0a093c646976207374796c653d22746578742d616c69676e3a206a7573746966793b223e0d0a09093c6c6162656c3e3c623e457870657274696369613a3c2f623e3c2f6c6162656c3e3c6272202f3e0d0a090941424f4741444120592050524f43555241444f52412e204a4546452044452054524142414a4f53205052264161637574653b435449434f53204445524543484f2050454e414c2059204445524543484f2050524f434553414c2050454e414c3c6272202f3e0d0a09093c6c6162656c3e3c623e264161637574653b7265612064652061637475616369266f61637574653b6e3a3c2f623e3c2f6c6162656c3e3c6272202f3e0d0a09095b4349454e4349415320534f4349414c455320266e646173683b204445524543484f5d3c2f6469763e0d0a3c2f6469763e0d0a3c703e0d0a09266e6273703b3c2f703e0d0a),
(26, 26, 2, 0x3c646976207374796c653d22746578742d616c69676e3a206c656674223e0d0a093c756c3e0d0a09093c6c693e0d0a0909095b41424f4741444f202d2045737461646f20436f6d706c65746f5d3c2f6c693e0d0a093c2f756c3e0d0a093c646976207374796c653d22746578742d616c69676e3a206a7573746966793b223e0d0a09093c6c6162656c3e3c623e457870657274696369613a3c2f623e3c2f6c6162656c3e3c6272202f3e0d0a0909444f43454e54452044454c20444550415254414d454e544f204445204349454e4349415320534f4349414c45532c204a5552264961637574653b444943415320592045434f4e264f61637574653b4d494341533c6272202f3e0d0a09093c6c6162656c3e3c623e264161637574653b7265612064652061637475616369266f61637574653b6e3a3c2f623e3c2f6c6162656c3e3c6272202f3e0d0a09095b4349454e4349415320534f4349414c455320266e646173683b204445524543484f5d3c2f6469763e0d0a3c2f6469763e0d0a3c703e0d0a09266e6273703b3c2f703e0d0a),
(27, 27, 4, 0x3c646976207374796c653d22746578742d616c69676e3a206c656674223e0d0a093c756c3e0d0a09093c6c693e0d0a0909095b455343524942414e4f202d2045737461646f20436f6d706c65746f3c2f6c693e0d0a09093c6c693e0d0a0909095b41424f4741444f202d2045737461646f20436f6d706c65746f5d3c2f6c693e0d0a093c2f756c3e0d0a093c646976207374796c653d22746578742d616c69676e3a206a7573746966793b223e0d0a09093c6c6162656c3e3c623e457870657274696369613a3c2f623e3c2f6c6162656c3e3c6272202f3e0d0a0909455343524942414e4120544954554c41522044454c205245472e204e266f72646d3b203635204445204c412050524f56494e434941204445204c412052494f4a412e444f43454e5445204a5450204445204c4120554e495645525349444144204e4143494f4e414c204445204348494c454349544f3c6272202f3e0d0a09093c6c6162656c3e3c623e264161637574653b7265612064652061637475616369266f61637574653b6e3a3c2f623e3c2f6c6162656c3e3c6272202f3e0d0a09095b4349454e4349415320534f4349414c455320266e646173683b204445524543484f5d3c2f6469763e0d0a3c2f6469763e0d0a3c703e0d0a09266e6273703b3c2f703e0d0a),
(28, 28, 1, 0x3c646976207374796c653d22746578742d616c69676e3a206c656674223e0d0a093c756c3e0d0a09093c6c693e0d0a0909095b41424f47414441202d2045737461646f20436f6d706c65746f5d3c2f6c693e0d0a09093c6c693e0d0a0909095b455350454349414c4953544120454e204445524543484f2050524f434553414c20434956494c202d2045737461646f20436f6d706c65746f5d3c2f6c693e0d0a093c2f756c3e0d0a093c646976207374796c653d22746578742d616c69676e3a206a7573746966793b223e0d0a09093c6c6162656c3e3c623e457870657274696369613a3c2f623e3c2f6c6162656c3e3c6272202f3e0d0a0909444f43454e544520454e204445524543484f2e204558204d41474953545241444f204445204c412046554e4349264f61637574653b4e204a5544494349414c204445204c412050524f56494e434941204445204c412052494f4a413c6272202f3e0d0a09093c6c6162656c3e3c623e264161637574653b7265612064652061637475616369266f61637574653b6e3a3c2f623e3c2f6c6162656c3e3c6272202f3e0d0a09095b4349454e4349415320534f4349414c455320266e646173683b204445524543484f5d3c2f6469763e0d0a3c2f6469763e0d0a3c703e0d0a09266e6273703b3c2f703e0d0a),
(29, 29, 1, 0x3c646976207374796c653d22746578742d616c69676e3a206c656674223e0d0a093c756c3e0d0a09093c6c693e0d0a0909095b41424f4741444f202d2045737461646f20436f6d706c65746f5d3c2f6c693e0d0a093c2f756c3e0d0a093c646976207374796c653d22746578742d616c69676e3a206a7573746966793b223e0d0a09093c6c6162656c3e3c623e457870657274696369613a3c2f623e3c2f6c6162656c3e3c6272202f3e0d0a09094445524543484f2050454e414c20492059204949202f20434c41534553204f52414c45532059205052264161637574653b435449434120455343524954412e20494e434f52504f52414349264f61637574653b4e204445205449435320454e204c41532041554c4153204445204445524543484f204445204c4120494e53544954554349264f61637574653b4e204445205245464552454e4349412e3c6272202f3e0d0a09093c6c6162656c3e3c623e264161637574653b7265612064652061637475616369266f61637574653b6e3a3c2f623e3c2f6c6162656c3e3c6272202f3e0d0a09095b4349454e4349415320534f4349414c455320266e646173683b204445524543484f5d3c2f6469763e0d0a3c2f6469763e0d0a3c703e0d0a09266e6273703b3c2f703e0d0a),
(30, 30, 1, 0x3c646976207374796c653d22746578742d616c69676e3a206c656674223e0d0a093c646976207374796c653d22746578742d616c69676e3a206a7573746966793b223e0d0a09093c6c6162656c3e3c623e457870657274696369613a3c2f623e3c2f6c6162656c3e3c6272202f3e0d0a0909444f43454e43494120454e2054454f52264961637574653b4120534f43494f4c264f61637574653b474943413c6272202f3e0d0a09093c6c6162656c3e3c623e264161637574653b7265612064652061637475616369266f61637574653b6e3a3c2f623e3c2f6c6162656c3e3c6272202f3e0d0a09095b48554d414e49444144455320266e646173683b2046494c4f534f46264961637574653b415d3c2f6469763e0d0a3c2f6469763e0d0a3c703e0d0a09266e6273703b3c2f703e0d0a),
(31, 31, 1, 0x3c646976207374796c653d22746578742d616c69676e3a206c656674223e0d0a093c756c3e0d0a09093c6c693e0d0a0909095b41424f4741444f202d2045737461646f20436f6d706c65746f5d3c2f6c693e0d0a09093c6c693e0d0a0909095b455350454349414c49535441202d2045737461646f20436f6d706c65746f5d3c2f6c693e0d0a093c2f756c3e0d0a093c646976207374796c653d22746578742d616c69676e3a206a7573746966793b223e0d0a09093c6c6162656c3e3c623e457870657274696369613a3c2f623e3c2f6c6162656c3e3c6272202f3e0d0a0909444f43454e5445204445204445524543484f2050454e414c2049492c2054454e474f204120434152474f204c4120464f524d414349264f61637574653b4e20444520414c554d4e4f532c2041595544414e54455320414c554d4e4f5320592041445343524950544f532e204d4520484520444553454d5045264e74696c64653b41444f20434f4d4f204d49454d42524f204445204a555241444f204445204556414c55414349264f61637574653b4e20444520434f4e435552534f5320444520444f43454e5445532c204d41474953545241444f5320592046554e43494f4e4152494f532c2054414d4249264561637574653b4e204845204556414c5541444f204120544553495354415320444520434152524552415320444520504f53475241444f2e20434f4e54494e554f204d492050455246454343494f4e414d49454e544f20444f43454e54452041264e74696c64653b4f20545241532041264e74696c64653b4f2c205041525449434950414e444f20454e204449464552454e5445532041435449564944414445532041434144264561637574653b4d49434153204445204e4956454c204e4143494f4e414c20434f4d4f20494e5445524e4143494f4e414c2e3c6272202f3e0d0a09093c6c6162656c3e3c623e264161637574653b7265612064652061637475616369266f61637574653b6e3a3c2f623e3c2f6c6162656c3e3c6272202f3e0d0a09095b4349454e4349415320534f4349414c455320266e646173683b204445524543484f5d3c2f6469763e0d0a3c2f6469763e0d0a3c703e0d0a09266e6273703b3c2f703e0d0a),
(32, 32, 4, 0x3c646976207374796c653d22746578742d616c69676e3a206c656674223e0d0a093c756c3e0d0a09093c6c693e0d0a0909095b41424f4741444f202d2045737461646f20436f6d706c65746f5d3c2f6c693e0d0a09093c6c693e0d0a0909095b4c4943454e434941444f20454e20454455434143494f4e202d2045737461646f20496e636f6d706c65746f5d3c2f6c693e0d0a09093c6c693e0d0a0909094c4943454e434941444f2045445543414349264f61637574653b4e205052494d4152494120434f4e204f5249454e54414349264f61637574653b4e2041204c412044495645525349444144202d2045737461646f20496e636f6d706c65746f5d3c2f6c693e0d0a093c2f756c3e0d0a093c646976207374796c653d22746578742d616c69676e3a206a7573746966793b223e0d0a09093c6c6162656c3e3c623e457870657274696369613a3c2f623e3c2f6c6162656c3e3c6272202f3e0d0a0909444f43454e5445204a545020434f4e4355525341444120454e204c4120415349474e4154555241204c454749534c414349264f61637574653b4e20414c494d454e544152494120434f4e20455854454e5349264f61637574653b4e2041204c415320415349474e415455524153204445524543484f20434956494c20492c204445524543484f2050265561637574653b424c49434f2050524f56494e4349414c2059204d554e49434950414c2c20414e264161637574653b4c495349532059204c454749534c414349264f61637574653b4e205649544956494e264961637574653b434f4c412e3c6272202f3e0d0a09093c6c6162656c3e3c623e264161637574653b7265612064652061637475616369266f61637574653b6e3a3c2f623e3c2f6c6162656c3e3c6272202f3e0d0a09095b4349454e4349415320534f4349414c455320266e646173683b204445524543484f5d3c2f6469763e0d0a3c2f6469763e0d0a3c703e0d0a09266e6273703b3c2f703e0d0a),
(33, 33, 5, 0x3c646976207374796c653d22746578742d616c69676e3a206c656674223e0d0a093c646976207374796c653d22746578742d616c69676e3a206a7573746966793b223e0d0a09093c6c6162656c3e3c623e457870657274696369613a3c2f623e3c2f6c6162656c3e3c6272202f3e0d0a0909444f43454e54452044454c20444550415254414d454e544f204445204349454e4349415320534f4349414c45532c204a5552264961637574653b444943415320592045434f4e264f61637574653b4d494341533c6272202f3e0d0a09093c6c6162656c3e3c623e264161637574653b7265612064652061637475616369266f61637574653b6e3a3c2f623e3c2f6c6162656c3e3c6272202f3e0d0a09095b4349454e4349415320534f4349414c455320266e646173683b204445524543484f5d3c2f6469763e0d0a3c2f6469763e0d0a3c703e0d0a09266e6273703b3c2f703e0d0a),
(34, 34, 4, 0x3c646976207374796c653d22746578742d616c69676e3a206c656674223e0d0a093c756c3e0d0a09093c6c693e0d0a0909095b50524f43555241444f52202d2045737461646f20436f6d706c65746f5d3c2f6c693e0d0a09093c6c693e0d0a0909095b4449504c4f4d41444f205355504552494f5220454e20464f524d414349264f61637574653b4e20444f43454e5445202d2045737461646f20436f6d706c65746f5d3c2f6c693e0d0a09093c6c693e0d0a0909095b4d4147495354455220454e2045445543414349264f61637574653b4e20454e20455343454e4152494f53204449474954414c4553202d2045737461646f20496e636f6d706c65746f5d3c2f6c693e0d0a093c2f756c3e0d0a093c646976207374796c653d22746578742d616c69676e3a206a7573746966793b223e0d0a09093c6c6162656c3e3c623e457870657274696369613a3c2f623e3c2f6c6162656c3e3c6272202f3e0d0a090941424f4741444f3c6272202f3e0d0a09093c6c6162656c3e3c623e264161637574653b7265612064652061637475616369266f61637574653b6e3a3c2f623e3c2f6c6162656c3e3c6272202f3e0d0a09095b4349454e4349415320534f4349414c455320266e646173683b204445524543484f5d3c2f6469763e0d0a3c2f6469763e0d0a3c703e0d0a09266e6273703b3c2f703e0d0a),
(35, 35, 1, 0x3c646976207374796c653d22746578742d616c69676e3a206c656674223e0d0a093c756c3e0d0a09093c6c693e0d0a0909095b41424f47414441202d2045737461646f20436f6d706c65746f5d3c2f6c693e0d0a09093c6c693e0d0a0909095b455350454349414c4953544120454e204445524543484f2050265561637574653b424c49434f202d2045737461646f20436f6d706c65746f5d3c2f6c693e0d0a093c2f756c3e0d0a093c646976207374796c653d22746578742d616c69676e3a206a7573746966793b223e0d0a09093c6c6162656c3e3c623e457870657274696369613a3c2f623e3c2f6c6162656c3e3c6272202f3e0d0a0909444f43454e544520544954554c415220504f5220434f4e435552534f20454e204c4120415349474e4154555241204445524543484f2041444d494e49535452415449564f204445204c4120554e495645525349444144204e4143494f4e414c204445204348494c454349544f2e2050524f4645534f52412041444a554e5441204445204c41204d49534d4120415349474e415455524120454e204c4120464143554c544144204445204445524543484f204445204c4120554e432e20444f43454e544520454e20434152524552415320444520504f53475241444f2e205041525449434950264561637574653b20454e204c41204556414c55414349264f61637574653b4e20444520414c554d4e4f5320444520504f53475241444f205920454e204c4120464f524d414349264f61637574653b4e2044452041595544414e544520414c554d4e4f5320592041445343524950544f532e3c6272202f3e0d0a09093c6c6162656c3e3c623e264161637574653b7265612064652061637475616369266f61637574653b6e3a3c2f623e3c2f6c6162656c3e3c6272202f3e0d0a09095b4349454e4349415320534f4349414c455320266e646173683b204445524543484f5d3c2f6469763e0d0a3c2f6469763e0d0a3c703e0d0a09266e6273703b3c2f703e0d0a),
(37, 37, 5, 0x3c646976207374796c653d22746578742d616c69676e3a206c656674223e0d0a093c756c3e0d0a09093c6c693e0d0a0909095b41424f4741444f202d2045737461646f20436f6d706c65746f5d3c2f6c693e0d0a093c2f756c3e0d0a093c646976207374796c653d22746578742d616c69676e3a206a7573746966793b223e0d0a09093c6c6162656c3e3c623e457870657274696369613a3c2f623e3c2f6c6162656c3e3c6272202f3e0d0a090954264561637574653b434e494341204558504f5349544956412c2042494f4752264161637574653b464943412c2045584547264561637574653b54494341205920444520494e544552524f4741544f52494f20454e2043414d504f20554e495645525349544152494f2059204558545241554c49434f202e45445543414349264f61637574653b4e20464f524d414c20434f4e2054264561637574653b434e4943415320494e464f524d414c45532e3c6272202f3e0d0a09093c6c6162656c3e3c623e264161637574653b7265612064652061637475616369266f61637574653b6e3a3c2f623e3c2f6c6162656c3e3c6272202f3e0d0a09095b4349454e4349415320534f4349414c455320266e646173683b204445524543484f5d3c2f6469763e0d0a3c2f6469763e0d0a3c703e0d0a09266e6273703b3c2f703e0d0a),
(38, 38, 3, 0x3c646976207374796c653d22746578742d616c69676e3a206c656674223e0d0a093c756c3e0d0a09093c6c693e0d0a0909095b41424f4741444f202d2045737461646f20436f6d706c65746f5d3c2f6c693e0d0a093c2f756c3e0d0a093c646976207374796c653d22746578742d616c69676e3a206a7573746966793b223e0d0a09093c6c6162656c3e3c623e457870657274696369613a3c2f623e3c2f6c6162656c3e3c6272202f3e0d0a0909464f524d414349264f61637574653b4e20454e204445524543484f532044454c20434f4e53554d49444f523c6272202f3e0d0a09093c6c6162656c3e3c623e264161637574653b7265612064652061637475616369266f61637574653b6e3a3c2f623e3c2f6c6162656c3e3c6272202f3e0d0a09095b4349454e4349415320534f4349414c455320266e646173683b204445524543484f5d3c2f6469763e0d0a3c2f6469763e0d0a3c703e0d0a09266e6273703b3c2f703e0d0a),
(39, 39, 1, 0x3c646976207374796c653d22746578742d616c69676e3a206c656674223e0d0a093c756c3e0d0a09093c6c693e0d0a0909095b41424f4741444f202d2045737461646f20436f6d706c65746f5d3c2f6c693e0d0a093c2f756c3e0d0a093c646976207374796c653d22746578742d616c69676e3a206a7573746966793b223e0d0a09093c6c6162656c3e3c623e457870657274696369613a3c2f623e3c2f6c6162656c3e3c6272202f3e0d0a0909444f43454e5445204445204c4120434152524552412044452041424f474143264961637574653b412c204445204c415320415349474e4154555241533a20264561637574653b544943412050524f464553494f4e414c205920505241435449434120464f52454e53452c2046494e414e5a4153205055424c494341532059204445524543484f205452494255544152494f2e20444f43454e544520454e2050524f4645534f5241444f204445204e4956454c204d4544494f2059205355504552494f5220454e2043532e2045434f4e264f61637574653b4d494341533a204445524543484f2e20444f43454e544520454e204c49432e20454e2045434f4e4f4d264961637574653b413a204445524543484f2049492e204558204d41474953545241444f204445204c412046554e4349264f61637574653b4e204a5544494349414c204445204c522e3c6272202f3e0d0a09093c6c6162656c3e3c623e264161637574653b7265612064652061637475616369266f61637574653b6e3a3c2f623e3c2f6c6162656c3e3c6272202f3e0d0a09095b4349454e4349415320534f4349414c455320266e646173683b204445524543484f5d3c2f6469763e0d0a3c2f6469763e0d0a3c703e0d0a09266e6273703b3c2f703e0d0a),
(40, 40, 3, 0x3c646976207374796c653d22746578742d616c69676e3a206c656674223e0d0a093c646976207374796c653d22746578742d616c69676e3a206a7573746966793b223e0d0a09093c6c6162656c3e3c623e457870657274696369613a3c2f623e3c2f6c6162656c3e3c6272202f3e0d0a0909444f43454e544520434f4e4355525341444120454e20454c20434152474f2044452041444a554e544f202d2041435455414c4d454e54452044494354414e444f20434c4153455320454e204c415320415349474e415455524153204445524543484f20434f4e535449545543494f4e414c2059204445524543484f20504f4c495449434f204445204c4120434152524552412041424f47414349413c6272202f3e0d0a09093c6c6162656c3e3c623e264161637574653b7265612064652061637475616369266f61637574653b6e3a3c2f623e3c2f6c6162656c3e3c6272202f3e0d0a09095b4349454e4349415320534f4349414c455320266e646173683b204445524543484f5d3c2f6469763e0d0a3c2f6469763e0d0a3c703e0d0a09266e6273703b3c2f703e0d0a),
(41, 41, 3, 0x3c646976207374796c653d22746578742d616c69676e3a206c656674223e0d0a093c756c3e0d0a09093c6c693e0d0a0909095b41424f47414441202d2045737461646f20436f6d706c65746f5d3c2f6c693e0d0a093c2f756c3e0d0a093c646976207374796c653d22746578742d616c69676e3a206a7573746966793b223e0d0a09093c6c6162656c3e3c623e457870657274696369613a3c2f623e3c2f6c6162656c3e3c6272202f3e0d0a0909444f43454e544520454e204c4120554e444543204445203a204445524543484f20504f4c264961637574653b5449434f20454e204c4120434152524552412044452041424f474143264961637574653b412e20444f43454e544520414420484f4e4f52454d2044454c20435552534f20444520494e475245534f2041204c4120434152524552412044452041424f474143264961637574653b4120484153544120454c2041264e74696c64653b4f20322e3031362d20444f43454e544520554e444543204341525245524120444520434f4d554e4943414349264f61637574653b4e20534f4349414c20454e20415349474e415455524153204445524543484f204520494e464f524d414349264f61637574653b4e2059204445524543484f20434f4e535449545543494f4e414c2e20415345534f5241204445204d454e4f524553204520494e43415041434553205452414e5349544f524941204445204c412049492043495243554e53435249504349264f61637574653b4e204a5544494349414c2041264e74696c64653b4f20322e3031372d204841535441204d41525a4f20322e3031382d2053454352455441524941204445204c4f53204d494e4953544552494f532050265561637574653b424c49434f53204445204c4120444546454e53412049492043495243554e53435249504349264f61637574653b4e204a5544494349414c2050434941204445204c412052494f4a412d3c6272202f3e0d0a09093c6c6162656c3e3c623e264161637574653b7265612064652061637475616369266f61637574653b6e3a3c2f623e3c2f6c6162656c3e3c6272202f3e0d0a09095b4349454e4349415320534f4349414c455320266e646173683b204445524543484f5d3c2f6469763e0d0a3c2f6469763e0d0a3c703e0d0a09266e6273703b3c2f703e0d0a);
INSERT INTO `docentes` (`id`, `persona_id`, `id_docente_categoria`, `descripcion`) VALUES
(42, 42, 1, 0x3c646976207374796c653d22746578742d616c69676e3a206c656674223e0d0a093c756c3e0d0a09093c6c693e0d0a0909095b41424f4741444f202d2045737461646f20436f6d706c65746f3c2f6c693e0d0a09093c6c693e0d0a0909095b4c4943454e434941444f20454e2041444d494e49535452414349264f61637574653b4e202d2045737461646f20436f6d706c65746f5d3c2f6c693e0d0a09093c6c693e0d0a0909095b4c4943454e434941444f20454e2046264961637574653b53494341202d2045737461646f20436f6d706c65746f5d3c2f6c693e0d0a09093c6c693e0d0a0909095b455350454349414c4953544120454e20494e54454752414349264f61637574653b4e204c4154494e4f414d45524943414e41202d2045737461646f20436f6d706c65746f5d3c2f6c693e0d0a09093c6c693e0d0a0909095b4d264161637574653b5354455220454e2041444d494e49535452414349264f61637574653b4e202d2045737461646f20436f6d706c65746f5d3c2f6c693e0d0a093c2f756c3e0d0a093c646976207374796c653d22746578742d616c69676e3a206a7573746966793b223e0d0a09093c6c6162656c3e3c623e457870657274696369613a3c2f623e3c2f6c6162656c3e3c6272202f3e0d0a0909444f43454e54452044454c20444550415254414d454e544f204445204349454e4349415320534f4349414c45532c204a5552264961637574653b444943415320592045434f4e264f61637574653b4d494341533c6272202f3e0d0a09093c6c6162656c3e3c623e264161637574653b7265612064652061637475616369266f61637574653b6e3a3c2f623e3c2f6c6162656c3e3c6272202f3e0d0a09095b4349454e4349415320534f4349414c455320266e646173683b204445524543484f5d3c2f6469763e0d0a3c2f6469763e0d0a3c703e0d0a09266e6273703b3c2f703e0d0a),
(43, 43, 3, 0x3c646976207374796c653d22746578742d616c69676e3a206c656674223e0d0a093c756c3e0d0a09093c6c693e0d0a0909095b41424f4741444f202d2045737461646f20436f6d706c65746f5d3c2f6c693e0d0a093c2f756c3e0d0a093c646976207374796c653d22746578742d616c69676e3a206a7573746966793b223e0d0a09093c6c6162656c3e3c623e457870657274696369613a3c2f623e3c2f6c6162656c3e3c6272202f3e0d0a0909454a4552434943494f2044454c204445524543484f20454e205641524941532052414d41532e20415345534f52264961637574653b41204c4547414c2e20444f43454e43494120554e49564552534954415249412e3c6272202f3e0d0a09093c6c6162656c3e3c623e264161637574653b7265612064652061637475616369266f61637574653b6e3a3c2f623e3c2f6c6162656c3e3c6272202f3e0d0a09095b4349454e4349415320534f4349414c455320266e646173683b204445524543484f5d3c2f6469763e0d0a3c2f6469763e0d0a3c703e0d0a09266e6273703b3c2f703e0d0a),
(44, 44, 3, 0x3c646976207374796c653d22746578742d616c69676e3a206c656674223e0d0a093c756c3e0d0a09093c6c693e0d0a0909095b41424f4741444f202d2045737461646f20436f6d706c65746f5d3c2f6c693e0d0a09093c6c693e0d0a0909095b4449504c4f4d41444f20454e204445524543484f2044454c2054524142414a4f202d2045737461646f20436f6d706c65746f5d3c2f6c693e0d0a09093c6c693e0d0a0909095b455350454349414c4953544120454e204445524543484f2050524f434553414c202d2045737461646f20496e636f6d706c65746f5d3c2f6c693e0d0a09093c6c693e0d0a0909095b4449504c4f4d41444f202d2045737461646f20436f6d706c65746f5d3c2f6c693e0d0a093c2f756c3e0d0a093c646976207374796c653d22746578742d616c69676e3a206a7573746966793b223e0d0a09093c6c6162656c3e3c623e457870657274696369613a3c2f623e3c2f6c6162656c3e3c6272202f3e0d0a0909454e5345264e74696c64653b414e5a41204520494e564553544947414349264f61637574653b4e20444520484953544f5249412044454c204445524543484f20415247454e54494e4f2e454e5345264e74696c64653b414e5a412044452054454d415320592050524f424c454d415320534f43494f2d414d4249454e54414c45532e20454e20504152544943554c415245532c20534f425245204445434953494f4e4553204a5544494349414c45532e4c49544947494f5320414d4249454e54414c45532e4445524543484f205041524c414d454e544152494f20592054264561637574653b434e494341204c454749534c41544956412e4445524543484f2050524f434553414c2e4445524543484f20504f4c264961637574653b5449434f2e2054454f52264961637574653b412047454e4552414c2044454c204445524543484f2e202854454d415320592044494c454d41532046494c4f53264f61637574653b4649434f532952454441434349264f61637574653b4e205920434f4e4645434349264f61637574653b4e2044452050524f594543544f53204c454749534c415449564f5320414d4249454e54414c45532e41554449454e434941532050265561637574653b424c4943415320414d4249454e54414c45532e20434f4e53554c544f52264961637574653b4120414d4249454e54414c2e3c6272202f3e0d0a09093c6c6162656c3e3c623e264161637574653b7265612064652061637475616369266f61637574653b6e3a3c2f623e3c2f6c6162656c3e3c6272202f3e0d0a09095b4349454e4349415320534f4349414c455320266e646173683b204445524543484f5d3c2f6469763e0d0a3c2f6469763e0d0a3c703e0d0a09266e6273703b3c2f703e0d0a),
(45, 45, 3, 0x3c646976207374796c653d22746578742d616c69676e3a206c656674223e0d0a093c756c3e0d0a09093c6c693e0d0a0909095b41424f4741444f202d2045737461646f20436f6d706c65746f5d3c2f6c693e0d0a093c2f756c3e0d0a093c646976207374796c653d22746578742d616c69676e3a206a7573746966793b223e0d0a09093c6c6162656c3e3c623e457870657274696369613a3c2f623e3c2f6c6162656c3e3c6272202f3e0d0a09094d4920455850455249454e4349412050524f464553494f4e414c20414c204652454e54452044454c204449435441444f204445204c412043264161637574653b544544524120444520442e492e502e205920432e204841205349444f204d5559205341544953464143544f52494120454e204c41204355414c2053452048414e205554494c495a41444f205920434f4e434154454e41444f2c20434f4e204c4f5320414c554d4e4f532c204c4f5320434f4e4f43494d49454e544f5320414e544552494f524553205920534520434f4e5354525559454e20434f4e434550544f532c2054524142414a414e444f20454e20454e4c41434520434f4e204553504143494f5320435552524943554c4152455320592f4f2054524153204d41544552494153204445204c4120434152524552412c204c4c4547414e444f204153492041204c4120434f4e4345505455414c495a4143494f4e20494e54454752414c204445204c4f5320434f4e434550544f5320592050524f434544494d49454e544f53204a5544494349414c455320494e5445524e4143494f4e414c45532e2d204445534445205349454d505245205920444553444520554e2050554e544f204445205649535441205045444147264f61637574653b4749434f2c205349454d50524520534520425553434f204c41205041525449434950414349264f61637574653b4e204143544956412044454c20414c554d4e4f2c205920455320554e41204d45544120434f4e5354414e544520454e20454c204553504143494f20435552524943554c41522c205349454e444f20454c204d49534d4f20454c2050524f5441474f4e4953544120444520554e20415052454e44495a414a45205349474e49464943415449564f2051554520534520454c41424f524120412054524156264561637574653b532044452053555320434f4e4f43494d49454e544f532050524556494f532052454c4143494f4e41444f5320434f4e204c4f53204e5545564f532e2d20455320444543495220554e2053495354454d4120444520454e5345264e74696c64653b414e5a41205920415052454e44495a414a452042415341444f20454e2054264561637574653b434e49434153204445205041525449434950414349264f61637574653b4e204143544956412c20434f4d5052454e5349264f61637574653b4e204c4543544f5220592046554e44414d454e54414c4d454e544520454c204445424154452044454c2054454d4152494f2e3c6272202f3e0d0a09093c6c6162656c3e3c623e264161637574653b7265612064652061637475616369266f61637574653b6e3a3c2f623e3c2f6c6162656c3e3c6272202f3e0d0a09095b4349454e4349415320534f4349414c455320266e646173683b204445524543484f5d3c2f6469763e0d0a3c2f6469763e0d0a3c703e0d0a09266e6273703b3c2f703e0d0a),
(46, 46, 3, 0x3c646976207374796c653d22746578742d616c69676e3a206c656674223e0d0a093c756c3e0d0a09093c6c693e0d0a0909095b41424f4741444f202d2045737461646f20436f6d706c65746f5d3c2f6c693e0d0a09093c6c693e0d0a0909095b4d4147264961637574653b5354455220454e204349454e4349415320534f4349414c455320434f4e204d454e4349264f61637574653b4e20454e204d45544f444f4c4f47264961637574653b41204445204c4120494e564553544947414349264f61637574653b4e202d2045737461646f20496e636f6d706c65746f5d3c2f6c693e0d0a093c2f756c3e0d0a093c646976207374796c653d22746578742d616c69676e3a206a7573746966793b223e0d0a09093c6c6162656c3e3c623e457870657274696369613a3c2f623e3c2f6c6162656c3e3c6272202f3e0d0a0909444f43454e54452044454c20444550415254414d454e544f204445204349454e4349415320534f4349414c45532c204a5552264961637574653b444943415320592045434f4e264f61637574653b4d494341533c6272202f3e0d0a09093c6c6162656c3e3c623e264161637574653b7265612064652061637475616369266f61637574653b6e3a3c2f623e3c2f6c6162656c3e3c6272202f3e0d0a09095b4349454e4349415320534f4349414c455320266e646173683b204445524543484f5d3c2f6469763e0d0a3c2f6469763e0d0a3c703e0d0a09266e6273703b3c2f703e0d0a),
(47, 47, 5, 0x3c646976207374796c653d22746578742d616c69676e3a206c656674223e0d0a093c756c3e0d0a09093c6c693e0d0a0909095b41424f4741444f202d2045737461646f20436f6d706c65746f5d3c2f6c693e0d0a09093c6c693e0d0a0909095b444f43544f5220454e204445524543484f202d2045737461646f20496e636f6d706c65746f5d3c2f6c693e0d0a093c2f756c3e0d0a093c646976207374796c653d22746578742d616c69676e3a206a7573746966793b223e0d0a09093c6c6162656c3e3c623e457870657274696369613a3c2f623e3c2f6c6162656c3e3c6272202f3e0d0a090941424f4741444f2d20444f43544f52414e444f20454e204445524543484f2059204349454e4349415320534f4349414c455320454e204c4120464143554c544144204445204445524543484f204445204c4120554e432e204245434152494f20444f43544f52414c20434f4e49434554205449504f20412e562e472e2054454d412044452054455349533a202671756f743b2671756f743b5a4f4e4153204652414e43415320434f4d4f20554e204d4544494f20504f54454e434941444f52204445204c4120494e54454752414349264f61637574653b4e2046264961637574653b534943413a204c454749534c414349264f61637574653b4e20564947454e54452c266e6273703b2050524f424c454d415320454e20415247454e54494e412059204445524543484f20434f4d50415241444f3c6272202f3e0d0a09093c6c6162656c3e3c623e264161637574653b7265612064652061637475616369266f61637574653b6e3a3c2f623e3c2f6c6162656c3e3c6272202f3e0d0a09095b4349454e4349415320534f4349414c455320266e646173683b204445524543484f5d3c2f6469763e0d0a3c2f6469763e0d0a3c703e0d0a09266e6273703b3c2f703e0d0a),
(48, 48, 4, 0x3c646976207374796c653d22746578742d616c69676e3a206c656674223e0d0a093c756c3e0d0a09093c6c693e0d0a0909095b4c4943454e434941444f20454e204349454e43494153204445204c4120434f4d554e4943414349264f61637574653b4e202d2045737461646f20496e636f6d706c65746f5d3c2f6c693e0d0a09093c6c693e0d0a0909095b41424f4741444f202d2045737461646f20436f6d706c65746f5d3c2f6c693e0d0a09093c6c693e0d0a0909095b444f43544f5220454e204349454e4349415320504f4c264961637574653b5449434153202d2045737461646f20496e636f6d706c65746f5d3c2f6c693e0d0a093c2f756c3e0d0a093c646976207374796c653d22746578742d616c69676e3a206a7573746966793b223e0d0a09093c6c6162656c3e3c623e457870657274696369613a3c2f623e3c2f6c6162656c3e3c6272202f3e0d0a090941424f4741444f2e20454a4552434943494f204c49424552414c204445204c412050524f46455349264f61637574653b4e2e4449524543544f522044452041534f4349414349264f61637574653b4e20444520434f4e53554d49444f5245533a205553554152494f53205920434f4e53554d49444f52455320554e49444f532044454c4547414349264f61637574653b4e2043264f61637574653b52444f42412e20505245534944454e54452041534f4349414349264f61637574653b4e20444520434f4e53554d49444f5245532041434349264f61637574653b4e205920444546454e53412044454c20434f4e53554d49444f52204520494e5155494c494e4f2e20444f43454e544520554e495645525349444144204e4143494f4e414c204445204348494c454349544f2e3c6272202f3e0d0a09093c6c6162656c3e3c623e264161637574653b7265612064652061637475616369266f61637574653b6e3a3c2f623e3c2f6c6162656c3e3c6272202f3e0d0a09095b4349454e4349415320534f4349414c455320266e646173683b204445524543484f5d3c2f6469763e0d0a3c2f6469763e0d0a3c703e0d0a09266e6273703b3c2f703e0d0a),
(49, 49, 3, 0x3c646976207374796c653d22746578742d616c69676e3a206c656674223e0d0a093c756c3e0d0a09093c6c693e0d0a0909095b455343524942414e41205055424c494341204e4143494f4e414c202d2045737461646f20436f6d706c65746f5d3c2f6c693e0d0a09093c6c693e0d0a0909095b41424f47414441202d2045737461646f20436f6d706c65746f5d3c2f6c693e0d0a093c2f756c3e0d0a093c646976207374796c653d22746578742d616c69676e3a206a7573746966793b223e0d0a09093c6c6162656c3e3c623e457870657274696369613a3c2f623e3c2f6c6162656c3e3c6272202f3e0d0a0909454e204c41204d415445524941204445524543484f20524f4d414e4f2041504c49434f204d5543484f53204341534f53205052264161637574653b435449434f532050415241205245464f525a4152204c41205041525445205445264f61637574653b524943412c20504152412051554520454c20414c554d4e4f205345205349454e544120554e205045515545264e74696c64653b4f204c45545241444f20534f4c5543494f4e414e444f204c4f53204341534f53205052264161637574653b435449434f532c205920454e204c41204d41544552494120484953544f5249412044454c204445524543484f2041504c49434f20454c2050524f594543544f522c2050415241205245414c495a415220554e4120434c41534520554e20504f434f204d4153204143544956412e2d3c6272202f3e0d0a09093c6c6162656c3e3c623e264161637574653b7265612064652061637475616369266f61637574653b6e3a3c2f623e3c2f6c6162656c3e3c6272202f3e0d0a09095b4349454e4349415320534f4349414c455320266e646173683b204445524543484f5d3c2f6469763e0d0a3c2f6469763e0d0a3c703e0d0a09266e6273703b3c2f703e0d0a),
(50, 50, 5, 0x3c646976207374796c653d22746578742d616c69676e3a206c656674223e0d0a093c756c3e0d0a09093c6c693e0d0a0909095b41424f47414441202d2045737461646f20436f6d706c65746f5d3c2f6c693e0d0a093c2f756c3e0d0a093c646976207374796c653d22746578742d616c69676e3a206a7573746966793b223e0d0a09093c6c6162656c3e3c623e457870657274696369613a3c2f623e3c2f6c6162656c3e3c6272202f3e0d0a090941424f47414441202d20534543524554415249412044452043264161637574653b4d415241204445204c412046554e4349264f61637574653b4e204a5544494349414c2e20415558494c494152204445205052494d455241204445524543484f20434f4d45524349414c204949493c6272202f3e0d0a09093c6c6162656c3e3c623e264161637574653b7265612064652061637475616369266f61637574653b6e3a3c2f623e3c2f6c6162656c3e3c6272202f3e0d0a09095b4349454e4349415320534f4349414c455320266e646173683b204445524543484f5d3c2f6469763e0d0a3c2f6469763e0d0a3c703e0d0a09266e6273703b3c2f703e0d0a),
(51, 51, 3, 0x3c646976207374796c653d22746578742d616c69676e3a206c656674223e0d0a093c756c3e0d0a09093c6c693e0d0a0909095b41424f4741444f202d2045737461646f20436f6d706c65746f5d3c2f6c693e0d0a093c2f756c3e0d0a093c646976207374796c653d22746578742d616c69676e3a206a7573746966793b223e0d0a09093c6c6162656c3e3c623e457870657274696369613a3c2f623e3c2f6c6162656c3e3c6272202f3e0d0a09094d4920455850455254494349412050524f464553494f4e414c20524546494552452041204c4120454e5345264e74696c64653b414e5a412044454c204445524543484f20434956494c202850415254452047454e4552414c2059204f424c49474143494f4e4553292c20454e204c4120434152524552412044452041424f474143264961637574653b412c20434f4d4f2050524f4645534f522041444a554e544f20454e204c412043264161637574653b5445445241204445204445524543484f20434956494c20492c20434f4e20494755414c20444553454d5045264e74696c64653b4f20454e204c412043264161637574653b5445445241204445204445524543484f20434956494c2049493c6272202f3e0d0a09093c6c6162656c3e3c623e264161637574653b7265612064652061637475616369266f61637574653b6e3a3c2f623e3c2f6c6162656c3e3c6272202f3e0d0a09095b4349454e4349415320534f4349414c455320266e646173683b204445524543484f5d3c2f6469763e0d0a3c2f6469763e0d0a3c703e0d0a09266e6273703b3c2f703e0d0a),
(52, 52, 4, 0x3c646976207374796c653d22746578742d616c69676e3a206c656674223e0d0a093c756c3e0d0a09093c6c693e0d0a0909095b4e4f5441524941444f205055424c49434f202d2045737461646f20436f6d706c65746f5d3c2f6c693e0d0a09093c6c693e0d0a0909095b41424f474144412059204e4f5441524941202d2045737461646f20436f6d706c65746f5d3c2f6c693e0d0a093c2f756c3e0d0a093c646976207374796c653d22746578742d616c69676e3a206a7573746966793b223e0d0a09093c6c6162656c3e3c623e457870657274696369613a3c2f623e3c2f6c6162656c3e3c6272202f3e0d0a0909444f43454e54452c266e6273703b2055534f2044452050432c266e6273703b266e6273703b20574f52442c266e6273703b20455843454c2c266e6273703b266e6273703b2041554c41205649525455414c2e205441524541532041444d494e4953545241544956415320454e204c412045534355454c41204445204445524543484f2e3c6272202f3e0d0a09093c6c6162656c3e3c623e264161637574653b7265612064652061637475616369266f61637574653b6e3a3c2f623e3c2f6c6162656c3e3c6272202f3e0d0a09095b4349454e4349415320534f4349414c455320266e646173683b204445524543484f5d3c2f6469763e0d0a3c2f6469763e0d0a3c703e0d0a09266e6273703b3c2f703e0d0a),
(53, 53, 4, 0x3c646976207374796c653d22746578742d616c69676e3a206c656674223e0d0a093c646976207374796c653d22746578742d616c69676e3a206a7573746966793b223e0d0a09093c6c6162656c3e3c623e457870657274696369613a3c2f623e3c2f6c6162656c3e3c6272202f3e0d0a0909444f43454e544520494e544552494e4f202d204a4546452044452054524142414a4f53205052264161637574653b435449434f5320454e204c415320415349474e415455524153204445524543484f20434f4e535449545543494f4e414c2c20264561637574653b544943412050524f464553494f4e414c205920505241435449434120464f52454e53452e3c6272202f3e0d0a09093c6c6162656c3e3c623e264161637574653b7265612064652061637475616369266f61637574653b6e3a3c2f623e3c2f6c6162656c3e3c6272202f3e0d0a09095b4349454e4349415320534f4349414c455320266e646173683b204445524543484f5d3c2f6469763e0d0a3c2f6469763e0d0a3c703e0d0a09266e6273703b3c2f703e0d0a),
(54, 54, 6, 0x3c646976207374796c653d22746578742d616c69676e3a206c656674223e0d0a093c646976207374796c653d22746578742d616c69676e3a206a7573746966793b223e0d0a09093c6c6162656c3e3c623e457870657274696369613a3c2f623e3c2f6c6162656c3e3c6272202f3e0d0a0909444f43454e54452044454c20444550415254414d454e544f204445204349454e4349415320534f4349414c45532c204a5552264961637574653b444943415320592045434f4e264f61637574653b4d494341533c6272202f3e0d0a09093c6c6162656c3e3c623e264161637574653b7265612064652061637475616369266f61637574653b6e3a3c2f623e3c2f6c6162656c3e3c6272202f3e0d0a09095b4349454e4349415320534f4349414c455320266e646173683b204445524543484f5d3c2f6469763e0d0a3c2f6469763e0d0a3c703e0d0a09266e6273703b3c2f703e0d0a);

-- --------------------------------------------------------

--
-- Estructura de tabla para la tabla `docente_categoria`
--

DROP TABLE IF EXISTS `docente_categoria`;
CREATE TABLE IF NOT EXISTS `docente_categoria` (
  `id` int(11) NOT NULL AUTO_INCREMENT,
  `nombre` varchar(30) CHARACTER SET utf8 DEFAULT NULL,
  PRIMARY KEY (`id`)
) ENGINE=InnoDB AUTO_INCREMENT=7 DEFAULT CHARSET=utf8 COLLATE=utf8_spanish_ci COMMENT='Tipos de categorías que puede tener un docente.' ROW_FORMAT=COMPRESSED;

--
-- Volcado de datos para la tabla `docente_categoria`
--

INSERT INTO `docente_categoria` (`id`, `nombre`) VALUES
(1, 'Profesor Titular'),
(2, 'Profesor Asociado'),
(3, 'Profesor Adjunto'),
(4, 'Jefe de Trabajos Prácticos'),
(5, 'Ayudante de Primera'),
(6, 'Profesor Adjunto Ad Honorem');

-- --------------------------------------------------------

--
-- Estructura de tabla para la tabla `escuela`
--

DROP TABLE IF EXISTS `escuela`;
CREATE TABLE IF NOT EXISTS `escuela` (
  `id` int(11) NOT NULL AUTO_INCREMENT,
  `nombre` varchar(60) CHARACTER SET latin1 NOT NULL,
  `universidad` varchar(60) CHARACTER SET latin1 NOT NULL,
  `director` varchar(80) CHARACTER SET latin1 NOT NULL,
  `color` char(7) CHARACTER SET latin1 NOT NULL,
  PRIMARY KEY (`id`)
) ENGINE=InnoDB AUTO_INCREMENT=2 DEFAULT CHARSET=utf8 COLLATE=utf8_spanish_ci COMMENT='Datos básicos de la escuela.';

--
-- Volcado de datos para la tabla `escuela`
--

INSERT INTO `escuela` (`id`, `nombre`, `universidad`, `director`, `color`) VALUES
(1, 'Dirección de Carrera de Abogacía', 'UNdeC', 'Raúl Ramos', '#c79f6b');

-- --------------------------------------------------------

--
-- Estructura de tabla para la tabla `groups`
--

DROP TABLE IF EXISTS `groups`;
CREATE TABLE IF NOT EXISTS `groups` (
  `id` mediumint(8) UNSIGNED NOT NULL AUTO_INCREMENT,
  `name` varchar(20) CHARACTER SET utf8 NOT NULL,
  `description` varchar(100) CHARACTER SET utf8 NOT NULL,
  PRIMARY KEY (`id`)
) ENGINE=InnoDB AUTO_INCREMENT=3 DEFAULT CHARSET=utf8 COLLATE=utf8_spanish_ci COMMENT='Grupos de los cuales pueden formar parte los usuarios.';

--
-- Volcado de datos para la tabla `groups`
--

INSERT INTO `groups` (`id`, `name`, `description`) VALUES
(1, 'admin', 'Administrator'),
(2, 'members', 'General User');

-- --------------------------------------------------------

--
-- Estructura de tabla para la tabla `login_attempts`
--

DROP TABLE IF EXISTS `login_attempts`;
CREATE TABLE IF NOT EXISTS `login_attempts` (
  `id` int(11) UNSIGNED NOT NULL AUTO_INCREMENT,
  `ip_address` varchar(45) CHARACTER SET utf8 NOT NULL,
  `login` varchar(100) CHARACTER SET utf8 NOT NULL,
  `time` int(11) UNSIGNED DEFAULT NULL,
  PRIMARY KEY (`id`)
) ENGINE=InnoDB AUTO_INCREMENT=3 DEFAULT CHARSET=utf8 COLLATE=utf8_spanish_ci;

-- --------------------------------------------------------

--
-- Estructura de tabla para la tabla `materias`
--

DROP TABLE IF EXISTS `materias`;
CREATE TABLE IF NOT EXISTS `materias` (
  `id` int(11) NOT NULL AUTO_INCREMENT,
  `nombre` varchar(100) CHARACTER SET utf8 DEFAULT NULL,
  `id_tipo` int(11) NOT NULL,
  PRIMARY KEY (`id`),
  KEY `tipo_id` (`id_tipo`)
) ENGINE=InnoDB AUTO_INCREMENT=31 DEFAULT CHARSET=utf8 COLLATE=utf8_spanish_ci COMMENT='Datos básicos de cada materia.' ROW_FORMAT=COMPRESSED;

--
-- Volcado de datos para la tabla `materias`
--

INSERT INTO `materias` (`id`, `nombre`, `id_tipo`) VALUES
(1, 'Introducción al Derecho', 1),
(2, 'Derecho Romano', 1),
(3, 'Derecho Civil I (Parte General)', 1),
(4, 'Introducción a la Filosofía', 1),
(5, 'Historia del Derecho', 1),
(6, 'Economia Politica', 1),
(7, 'Derecho Civil II (Obligaciones)', 1),
(8, 'Derecho Politico', 1),
(9, 'Finanzas y Derechos Tributario', 1),
(10, 'Derecho Comercial I', 1),
(11, 'Sociologia', 1),
(12, 'Filosofía del Derecho', 1),
(13, 'Derecho Civil III (Contratos)', 1),
(14, 'Derecho Comercial II', 1),
(15, 'Derecho Constitucional', 1),
(16, 'Derecho Penal I', 1),
(17, 'Derecho Internacional Público', 1),
(18, 'Derecho Laboral y Previsional', 1),
(19, 'Derecho Civil IV (Derechos Reales)', 1),
(20, 'Derecho Comercial III', 1),
(21, 'Derecho Público Provincial y Municipal', 1),
(22, 'Derecho Penal II', 1),
(23, 'Derecho Procesal Civil y Laboral', 1),
(24, 'Derecho Agrario Forestal y Minero', 1),
(25, 'Derecho Civil V (Familia y Sucesiones)', 1),
(26, 'Derecho de la Navegación', 1),
(27, 'Derecho Administrativo', 1),
(28, 'Ética Profesional y Práctica Forense', 1),
(29, 'Derecho Procesal Penal', 1),
(30, 'Derecho Internacional Privado y Comunitario', 1);

-- --------------------------------------------------------

--
-- Estructura de tabla para la tabla `materias_tipo`
--

DROP TABLE IF EXISTS `materias_tipo`;
CREATE TABLE IF NOT EXISTS `materias_tipo` (
  `id` int(11) NOT NULL AUTO_INCREMENT,
  `nombre` varchar(80) CHARACTER SET latin1 NOT NULL,
  PRIMARY KEY (`id`)
) ENGINE=InnoDB AUTO_INCREMENT=4 DEFAULT CHARSET=utf8 COLLATE=utf8_spanish_ci COMMENT='Tipos de materias que se pueden tenerse en los planes de estudio.';

--
-- Volcado de datos para la tabla `materias_tipo`
--

INSERT INTO `materias_tipo` (`id`, `nombre`) VALUES
(1, 'Común'),
(2, 'Genérica'),
(3, 'Optativa');

-- --------------------------------------------------------

--
-- Estructura de tabla para la tabla `materia_docente`
--

DROP TABLE IF EXISTS `materia_docente`;
CREATE TABLE IF NOT EXISTS `materia_docente` (
  `id` int(11) NOT NULL AUTO_INCREMENT,
  `id_ciclo_materia` int(11) NOT NULL,
  `id_docente` int(11) NOT NULL,
  PRIMARY KEY (`id`),
  KEY `id_ciclo` (`id_ciclo_materia`,`id_docente`),
  KEY `cm_materia_docente` (`id_docente`)
) ENGINE=InnoDB AUTO_INCREMENT=85 DEFAULT CHARSET=utf8 COLLATE=utf8_spanish_ci COMMENT='Tabla de unión para definir la relación entre un docente y una materia.';

--
-- Volcado de datos para la tabla `materia_docente`
--

INSERT INTO `materia_docente` (`id`, `id_ciclo_materia`, `id_docente`) VALUES
(1, 1, 3),
(2, 1, 14),
(3, 1, 52),
(84, 2, 6),
(82, 2, 26),
(83, 2, 49),
(7, 3, 27),
(8, 3, 32),
(9, 3, 51),
(10, 4, 9),
(11, 4, 44),
(12, 5, 6),
(13, 5, 44),
(14, 5, 49),
(16, 6, 26),
(15, 6, 42),
(18, 7, 23),
(19, 7, 34),
(17, 7, 51),
(20, 8, 41),
(21, 8, 44),
(24, 9, 16),
(23, 9, 26),
(22, 9, 39),
(25, 10, 7),
(26, 10, 13),
(27, 10, 19),
(28, 11, 30),
(29, 11, 48),
(30, 12, 9),
(31, 12, 44),
(32, 13, 16),
(34, 13, 20),
(33, 13, 38),
(35, 14, 13),
(36, 14, 19),
(37, 15, 40),
(38, 15, 53),
(39, 15, 54),
(42, 16, 15),
(40, 16, 29),
(41, 16, 31),
(43, 17, 7),
(44, 17, 53),
(46, 18, 10),
(47, 18, 24),
(45, 18, 38),
(48, 19, 2),
(49, 19, 27),
(51, 20, 2),
(50, 20, 28),
(52, 20, 50),
(53, 21, 32),
(54, 21, 34),
(58, 22, 15),
(59, 22, 25),
(56, 22, 29),
(57, 22, 31),
(62, 23, 18),
(60, 23, 28),
(61, 23, 46),
(64, 24, 33),
(63, 24, 34),
(65, 25, 3),
(66, 25, 5),
(67, 25, 37),
(68, 26, 21),
(69, 26, 24),
(70, 26, 47),
(73, 27, 4),
(71, 27, 35),
(72, 27, 43),
(74, 28, 39),
(75, 28, 53),
(78, 29, 8),
(76, 29, 12),
(77, 29, 22),
(79, 30, 11),
(81, 30, 24),
(80, 30, 45);

-- --------------------------------------------------------

--
-- Estructura de tabla para la tabla `optativas`
--

DROP TABLE IF EXISTS `optativas`;
CREATE TABLE IF NOT EXISTS `optativas` (
  `id` int(11) NOT NULL AUTO_INCREMENT,
  `id_origen` int(11) NOT NULL,
  `id_optativa` int(11) NOT NULL,
  PRIMARY KEY (`id`),
  KEY `id_origen` (`id_origen`),
  KEY `id_origen_2` (`id_origen`),
  KEY `optativa_cm` (`id_optativa`)
) ENGINE=InnoDB DEFAULT CHARSET=utf8 COLLATE=utf8_spanish_ci COMMENT='Tabla de unión para definir la relación entre una materia genérica y sus optativas..';

-- --------------------------------------------------------

--
-- Estructura de tabla para la tabla `orientaciones`
--

DROP TABLE IF EXISTS `orientaciones`;
CREATE TABLE IF NOT EXISTS `orientaciones` (
  `id` int(11) NOT NULL AUTO_INCREMENT,
  `id_plan` int(11) NOT NULL,
  `nombre` varchar(80) CHARACTER SET latin1 NOT NULL,
  PRIMARY KEY (`id`),
  KEY `id_plan` (`id_plan`)
) ENGINE=InnoDB DEFAULT CHARSET=utf8 COLLATE=utf8_spanish_ci COMMENT='Datos básicos de las orientaciones que puede tener un plan de estudio.';

-- --------------------------------------------------------

--
-- Estructura de tabla para la tabla `persona`
--

DROP TABLE IF EXISTS `persona`;
CREATE TABLE IF NOT EXISTS `persona` (
  `id` bigint(20) NOT NULL AUTO_INCREMENT,
  `apellido` varchar(50) CHARACTER SET latin1 NOT NULL,
  `nombre` varchar(50) CHARACTER SET latin1 NOT NULL,
  `nombre_2` varchar(50) CHARACTER SET latin1 DEFAULT NULL,
  `dni` varchar(50) CHARACTER SET latin1 DEFAULT NULL,
  `cuit` varchar(50) CHARACTER SET latin1 DEFAULT NULL,
  `email1` varchar(50) CHARACTER SET latin1 DEFAULT NULL,
  `email2` varchar(50) CHARACTER SET latin1 DEFAULT NULL,
  PRIMARY KEY (`id`)
) ENGINE=InnoDB AUTO_INCREMENT=55 DEFAULT CHARSET=utf8 COLLATE=utf8_spanish_ci COMMENT='Datos básicos de las personas.';

--
-- Volcado de datos para la tabla `persona`
--

INSERT INTO `persona` (`id`, `apellido`, `nombre`, `nombre_2`, `dni`, `cuit`, `email1`, `email2`) VALUES
(1, 'Arevalo', 'Sergio', 'Martin', '30653165', NULL, 'sarevalo@undec.edu.ar', NULL),
(2, 'Amaya', 'Sonia', 'Del Valle', NULL, '27-17234980-9', 'samaya@undec.edu.ar', NULL),
(3, 'Barrionuevo Colombres', 'Norma', 'De Las Mercedes', NULL, '23-11978322-4', 'nbarrionuevo@undec.edu.ar', NULL),
(4, 'Bazan', 'Liliana ', 'Raquel', NULL, '27-26756933-4', 'lbazan@undec.edu.ar', NULL),
(5, 'Caceres', 'Ines', 'Cecilia', NULL, '27-24049529-0', 'icaceres@undec.edu.ar', NULL),
(6, 'Calvo Leal', 'Maria', 'Angelica', NULL, '27-05194610-9', 'mcalvoleal@undec.edu.ar', NULL),
(7, 'Carballo', 'Andrea', 'Viviana', NULL, '27-21628191-3', 'acarballo@undec.edu.ar', NULL),
(8, 'Carrizo', 'Alberto', 'Marcelo', NULL, '20-21666720-5', 'amcarrizo@undec.edu.ar', NULL),
(9, 'Ceberio De León', 'Iñaki', NULL, NULL, '20-94989800-9', 'iceberio@undec.edu.ar', NULL),
(10, 'Contreras', 'Maria', 'Laura', NULL, '27-26771859-3', 'mcontreras@undec.edu.ar', NULL),
(11, 'Córdoba', 'Julio', 'César', NULL, '20-25853422-1', 'jcordoba@undec.edu.ar', NULL),
(12, 'Figueroa', 'Rogelio', 'Eduardo Javier', NULL, '20-18081762-0', 'jfigueroa@undec.edu.ar', NULL),
(13, 'Flaim', 'Pablo', 'Damián', NULL, '20-22034281-7', 'pflaim@undec.edu.ar', NULL),
(14, 'Franceschi', 'Pablo', 'Eduardo', NULL, '20-22443380-9', 'pfranceschi@undec.edu.ar ', NULL),
(15, 'Frati', 'Francisco', NULL, NULL, '20-30471314-4', 'flfrati@undec.edu.ar', NULL),
(16, 'García Herrera', 'Marcelo José', 'Santiago', NULL, '20-14272180-6', 'msgarcia@undec.edu.ar', NULL),
(17, 'Gimelfarb', 'Leonor', NULL, NULL, '27-19010171-7', 'lgimelfarb@undec.edu.ar', NULL),
(18, 'Gonzalez Ribot', 'Norma', 'Ines', NULL, '27-28883038-5', 'nribot@undec.edu.ar', NULL),
(19, 'Heredia Querro', 'Juan', 'Sebastián', NULL, '20-31041887-1', 'sherediaquerro@undec.edu.ar', NULL),
(20, 'Herrera', 'Jorge ', 'Ricardo', NULL, '20-24049441-9', 'rherrera@undec.edu.ar', NULL),
(21, 'Javurek', 'Giselle', 'Del Carmen ', NULL, '27-16906158-6', 'gjavurek@undec.edu.ar', NULL),
(22, 'Juarez', 'Nicolas', 'Eduardo', NULL, '20-10295768-8', 'njuarez@undec.edu.ar', NULL),
(23, 'Lobos', 'Jimena', 'Del Valle', NULL, '27-28619073-7', 'jlobos@undec.edu.ar', NULL),
(24, 'Mana', 'Noelia', 'Irene', NULL, '27-25971937-8', 'nmana@undec.edu.ar', NULL),
(25, 'Mercado', 'Analía', 'María Elizabeth', NULL, '27-28106621-3', 'ammercado@undec.edu.ar', NULL),
(26, 'Montamat', 'Eduardo', 'Rodolfo', NULL, '20-14291592-9', 'emontamat@undec.edu.ar', NULL),
(27, 'Montero', 'Ana', 'Cecilia', NULL, '27-20253886-5', 'amontero@undec.edu.ar', NULL),
(28, 'Nader', 'Sofia', 'Elena', NULL, '27-11935195-8', 'snader@undec.edu.ar', NULL),
(29, 'Nader Yappur', 'Daniel', 'Alfredo', NULL, '20-10295926-5', 'dnaderyappur@undec.edu.ar', NULL),
(30, 'Olmedo', 'Clara', 'Ramona', NULL, '27-16225888-0', 'crolmedo@undec.edu.ar', NULL),
(31, 'Ortiz', 'José', 'Luis', NULL, '20-17386420-6', 'jortiz@undec.edu.ar', NULL),
(32, 'Oviedo', 'Fabiana', 'Carolina', NULL, '23-21899691-4', 'foviedo@undec.edu.ar', NULL),
(33, 'Paez', 'Clotilde ', 'Mabel', NULL, '27-22819074-3', 'cpaez@undec.edu.ar', NULL),
(34, 'Paez', 'Ruben', 'Marcelo', NULL, '20-29944171-8', 'rpaez@undec.edu.ar', NULL),
(35, 'Pastor De Peirotti', 'Irma', NULL, NULL, '27-05178163-0', 'ipastor@undec.edu.ar', NULL),
(37, 'Peters', 'Maria', 'Agostina', NULL, '27-28106291-9', 'mpeters@undec.edu.ar', NULL),
(38, 'Ramos', 'Raul', 'Alberto Nicolas', NULL, '20-28564694-5', 'rramos@undec.edu.ar', NULL),
(39, 'Rejal', 'Rodolfo', 'Ruben', NULL, '20-11935141-4', 'rrejal@undec.edu.ar', NULL),
(40, 'Rodríguez', 'Gabriela', 'Azucena', NULL, '27-23241373-0', 'grodriguez@undec.edu.ar', NULL),
(41, 'Romano', 'Maria', 'Beatriz', NULL, '27-20380045-8', 'mromano@undec.edu.ar', NULL),
(42, 'Ruarte Bazan', 'Roque', NULL, NULL, '20-07980533-6', 'rbazan@undec.edu.ar', NULL),
(43, 'Salcedo', 'Cesar', 'Alberto', NULL, '20-22103815-1', 'csalcedo@undec.edu.ar', NULL),
(44, 'Sanchez Latorre', 'Pablo', 'Daniel', NULL, '20-27698345-9', 'psanchez@undec.edu.ar', NULL),
(45, 'Tobares', 'Iris', 'Selva', NULL, '27-26488246-5', 'itobares@undec.edu.ar', NULL),
(46, 'Varela', 'Maria', 'Cecilia', NULL, '23-16148268-4', 'mvarela@undec.edu.ar', NULL),
(47, 'Vega Correa', 'Martín', 'Lautaro', NULL, '20-31366488-1', 'mvega@undec.edu.ar', NULL),
(48, 'Vergara', 'Juan', 'Exequiel', NULL, '23-31449601-9', 'jvergara@undec.edu.ar', NULL),
(49, 'Vesely', 'Maria Monica', 'Graciela', NULL, '23-13708276-4', 'mvesely@undec.edu.ar', NULL),
(50, 'Vicentini', 'Gisela', NULL, NULL, '27-29428155-5', 'gvicentini@undec.edu.ar', NULL),
(51, 'Vidal', 'Carlos', 'Anibal', NULL, '20-14798846-0', 'cvidal@undec.edu.ar', NULL),
(52, 'Yappur', 'Graciela', 'Veronica', NULL, '27-28564620-6', 'gyappur@undec.edu.ar', NULL),
(53, 'Zalazar', 'Daniel', 'Eduardo', NULL, '20-29618294-0', 'dzalazar@undec.edu.ar', NULL),
(54, 'Salerno', 'Gonzalo', NULL, NULL, NULL, 'dsalerno@undec.edu.ar', NULL);

-- --------------------------------------------------------

--
-- Estructura de tabla para la tabla `planes`
--

DROP TABLE IF EXISTS `planes`;
CREATE TABLE IF NOT EXISTS `planes` (
  `id` int(11) NOT NULL AUTO_INCREMENT,
  `id_carrera` int(11) NOT NULL,
  `nombre` varchar(80) CHARACTER SET latin1 NOT NULL,
  `duracion` int(11) NOT NULL,
  `vigente` tinyint(1) NOT NULL DEFAULT '0',
  PRIMARY KEY (`id`),
  KEY `id_carrera` (`id_carrera`)
) ENGINE=InnoDB AUTO_INCREMENT=2 DEFAULT CHARSET=utf8 COLLATE=utf8_spanish_ci COMMENT='Datos básicos de cada plan de estudio.';

--
-- Volcado de datos para la tabla `planes`
--

INSERT INTO `planes` (`id`, `id_carrera`, `nombre`, `duracion`, `vigente`) VALUES
(1, 1, '089-98', 5, 1);

-- --------------------------------------------------------

--
-- Estructura de tabla para la tabla `publicaciones`
--

DROP TABLE IF EXISTS `publicaciones`;
CREATE TABLE IF NOT EXISTS `publicaciones` (
  `id` bigint(20) NOT NULL AUTO_INCREMENT,
  `titulo` varchar(100) CHARACTER SET latin1 NOT NULL,
  `contenido` blob,
  `creador_id` int(10) UNSIGNED DEFAULT NULL,
  `fecha_creacion` date DEFAULT NULL,
  `ultima_modificacion` date DEFAULT NULL,
  `modificador_id` int(10) UNSIGNED DEFAULT NULL,
  `esta_publicado` tinyint(1) NOT NULL,
  `fecha` date NOT NULL,
  `lugar` varchar(100) CHARACTER SET latin1 DEFAULT 'UNdeC',
  `comienzo` time DEFAULT '09:00:00',
  `fin` time DEFAULT '15:00:00',
  `tipo` int(4) NOT NULL DEFAULT '1',
  `imagen` varchar(100) CHARACTER SET latin1 DEFAULT NULL,
  PRIMARY KEY (`id`),
  KEY `FK_publicaciones_creador_id` (`creador_id`),
  KEY `FK_publicaciones_modificador_id` (`modificador_id`),
  KEY `FK_publicaciones_tipo_publicacion` (`tipo`)
) ENGINE=InnoDB DEFAULT CHARSET=utf8 CHECKSUM=1 COLLATE=utf8_spanish_ci COMMENT='Datos básicos de las publicaciones.' DELAY_KEY_WRITE=1 ROW_FORMAT=DYNAMIC;

-- --------------------------------------------------------

--
-- Estructura de tabla para la tabla `regimen`
--

DROP TABLE IF EXISTS `regimen`;
CREATE TABLE IF NOT EXISTS `regimen` (
  `id` int(11) NOT NULL AUTO_INCREMENT,
  `nombre` varchar(30) CHARACTER SET latin1 NOT NULL,
  PRIMARY KEY (`id`)
) ENGINE=InnoDB AUTO_INCREMENT=4 DEFAULT CHARSET=utf8 COLLATE=utf8_spanish_ci COMMENT='Tipos de regimenes que puede tener una materia.';

--
-- Volcado de datos para la tabla `regimen`
--

INSERT INTO `regimen` (`id`, `nombre`) VALUES
(1, 'Anual'),
(2, 'Cuatrimestre 1'),
(3, 'Cuatrimestre 2');

-- --------------------------------------------------------

--
-- Estructura de tabla para la tabla `tipo_publicacion`
--

DROP TABLE IF EXISTS `tipo_publicacion`;
CREATE TABLE IF NOT EXISTS `tipo_publicacion` (
  `id` int(11) NOT NULL AUTO_INCREMENT,
  `nombre` varchar(100) CHARACTER SET latin1 NOT NULL,
  PRIMARY KEY (`id`)
) ENGINE=InnoDB AUTO_INCREMENT=3 DEFAULT CHARSET=utf8 COLLATE=utf8_spanish_ci COMMENT='Tipos de publicaciones.';

--
-- Volcado de datos para la tabla `tipo_publicacion`
--

INSERT INTO `tipo_publicacion` (`id`, `nombre`) VALUES
(1, 'Eventos'),
(2, 'Artículos');

-- --------------------------------------------------------

--
-- Estructura de tabla para la tabla `titulos`
--

DROP TABLE IF EXISTS `titulos`;
CREATE TABLE IF NOT EXISTS `titulos` (
  `id` int(11) NOT NULL AUTO_INCREMENT,
  `id_plan` int(11) NOT NULL,
  `nombre` varchar(100) CHARACTER SET latin1 NOT NULL,
  `id_orientacion` int(11) DEFAULT NULL,
  PRIMARY KEY (`id`),
  KEY `id_plan` (`id_plan`),
  KEY `id_orientacion` (`id_orientacion`)
) ENGINE=InnoDB AUTO_INCREMENT=2 DEFAULT CHARSET=utf8 COLLATE=utf8_spanish_ci COMMENT='Datos básicos de titulos que puede tener un plan de estudio.';

--
-- Volcado de datos para la tabla `titulos`
--

INSERT INTO `titulos` (`id`, `id_plan`, `nombre`, `id_orientacion`) VALUES
(1, 1, 'Abogado', NULL);

-- --------------------------------------------------------

--
-- Estructura de tabla para la tabla `users`
--

DROP TABLE IF EXISTS `users`;
CREATE TABLE IF NOT EXISTS `users` (
  `id` int(11) UNSIGNED NOT NULL AUTO_INCREMENT,
  `ip_address` varchar(45) CHARACTER SET utf8 NOT NULL,
  `username` varchar(100) CHARACTER SET utf8 DEFAULT NULL,
  `password` varchar(255) CHARACTER SET utf8 NOT NULL,
  `salt` varchar(255) CHARACTER SET utf8 DEFAULT NULL,
  `email` varchar(254) CHARACTER SET utf8 NOT NULL,
  `activation_code` varchar(40) CHARACTER SET utf8 DEFAULT NULL,
  `forgotten_password_code` varchar(40) CHARACTER SET utf8 DEFAULT NULL,
  `forgotten_password_time` int(11) UNSIGNED DEFAULT NULL,
  `remember_code` varchar(40) CHARACTER SET utf8 DEFAULT NULL,
  `created_on` int(11) UNSIGNED NOT NULL,
  `last_login` int(11) UNSIGNED DEFAULT NULL,
  `active` tinyint(1) UNSIGNED DEFAULT NULL,
  `first_name` varchar(50) CHARACTER SET utf8 DEFAULT NULL,
  `last_name` varchar(50) CHARACTER SET utf8 DEFAULT NULL,
  `company` varchar(100) CHARACTER SET utf8 DEFAULT NULL,
  `phone` varchar(20) CHARACTER SET utf8 DEFAULT NULL,
  PRIMARY KEY (`id`)
) ENGINE=InnoDB AUTO_INCREMENT=3 DEFAULT CHARSET=utf8 COLLATE=utf8_spanish_ci COMMENT='Datos básicos de cada usuario.';

--
-- Volcado de datos para la tabla `users`
--

INSERT INTO `users` (`id`, `ip_address`, `username`, `password`, `salt`, `email`, `activation_code`, `forgotten_password_code`, `forgotten_password_time`, `remember_code`, `created_on`, `last_login`, `active`, `first_name`, `last_name`, `company`, `phone`) VALUES
(1, '127.0.0.1', 'admin', '$2y$08$.UUvq6yRIMorbs/Hj1nuQ.E.9qPuDBP/PAeT3O40UGrgHfOA0LC2W', '', 'admin@admin.com', NULL, NULL, NULL, NULL, 1268889823, 1590370440, 1, 'Sergio', 'Arevalo', NULL, '0'),
(2, '127.0.0.1', 'user', '$2y$08$4t0JshOQrSJwbqJbTLRineDCBESSAwNTkL4kRz9KzAq0RoyPXHF0i', NULL, 'user@user.com', NULL, 'dbh2E39uTZ5Ud9Tb.wO9ee37b9e7bb6f9ed71b6b', 1522911545, NULL, 1521634623, 1560525321, 1, 'user', 'user', 'UNdeC', '');

-- --------------------------------------------------------

--
-- Estructura de tabla para la tabla `users_groups`
--

DROP TABLE IF EXISTS `users_groups`;
CREATE TABLE IF NOT EXISTS `users_groups` (
  `id` int(11) UNSIGNED NOT NULL AUTO_INCREMENT,
  `user_id` int(11) UNSIGNED NOT NULL,
  `group_id` mediumint(8) UNSIGNED NOT NULL,
  PRIMARY KEY (`id`),
  UNIQUE KEY `uc_users_groups` (`user_id`,`group_id`),
  KEY `fk_users_groups_users1_idx` (`user_id`),
  KEY `fk_users_groups_groups1_idx` (`group_id`)
) ENGINE=InnoDB AUTO_INCREMENT=6 DEFAULT CHARSET=utf8 COLLATE=utf8_spanish_ci COMMENT='Tabla de unión para definir a que grupo pertenece cada usuario.';

--
-- Volcado de datos para la tabla `users_groups`
--

INSERT INTO `users_groups` (`id`, `user_id`, `group_id`) VALUES
(4, 1, 1),
(5, 1, 2),
(3, 2, 2);

--
-- Restricciones para tablas volcadas
--

--
-- Filtros para la tabla `ciclos`
--
ALTER TABLE `ciclos`
  ADD CONSTRAINT `FK_ciclo_orientacion` FOREIGN KEY (`id_orientacion`) REFERENCES `orientaciones` (`id`),
  ADD CONSTRAINT `FK_ciclo_plan` FOREIGN KEY (`id_plan`) REFERENCES `planes` (`id`) ON DELETE CASCADE;

--
-- Filtros para la tabla `ciclo_materia`
--
ALTER TABLE `ciclo_materia`
  ADD CONSTRAINT `FK_cm_ciclo` FOREIGN KEY (`id_ciclo`) REFERENCES `ciclos` (`id`) ON DELETE NO ACTION,
  ADD CONSTRAINT `FK_cm_materia` FOREIGN KEY (`id_materia`) REFERENCES `materias` (`id`) ON DELETE NO ACTION,
  ADD CONSTRAINT `FK_cm_regimen` FOREIGN KEY (`id_regimen`) REFERENCES `regimen` (`id`) ON DELETE NO ACTION;

--
-- Filtros para la tabla `correlativas`
--
ALTER TABLE `correlativas`
  ADD CONSTRAINT `FK_correlativa_cm` FOREIGN KEY (`id_ciclo_materia`) REFERENCES `ciclo_materia` (`id`) ON DELETE CASCADE,
  ADD CONSTRAINT `FK_correlativa_correlativa` FOREIGN KEY (`id_correlativa`) REFERENCES `ciclo_materia` (`id`) ON DELETE NO ACTION,
  ADD CONSTRAINT `FK_correlativa_ct` FOREIGN KEY (`id_correlativa_tipo`) REFERENCES `correlativas_tipo` (`id`) ON DELETE NO ACTION;

--
-- Filtros para la tabla `cvar`
--
ALTER TABLE `cvar`
  ADD CONSTRAINT `FK_cvar_docente` FOREIGN KEY (`id_docente`) REFERENCES `docentes` (`id`) ON DELETE CASCADE;

--
-- Filtros para la tabla `docentes`
--
ALTER TABLE `docentes`
  ADD CONSTRAINT `FK_docente_categoria` FOREIGN KEY (`id_docente_categoria`) REFERENCES `docente_categoria` (`id`) ON DELETE CASCADE ON UPDATE CASCADE,
  ADD CONSTRAINT `FK_persona_id_docente` FOREIGN KEY (`persona_id`) REFERENCES `persona` (`id`) ON DELETE CASCADE ON UPDATE CASCADE;

--
-- Filtros para la tabla `materias`
--
ALTER TABLE `materias`
  ADD CONSTRAINT `FK_asignatura_tipo` FOREIGN KEY (`id_tipo`) REFERENCES `materias_tipo` (`id`);

--
-- Filtros para la tabla `materia_docente`
--
ALTER TABLE `materia_docente`
  ADD CONSTRAINT `FK_cm_docente` FOREIGN KEY (`id_docente`) REFERENCES `docentes` (`id`),
  ADD CONSTRAINT `FK_cm_materia_docente` FOREIGN KEY (`id_ciclo_materia`) REFERENCES `ciclo_materia` (`id`);

--
-- Filtros para la tabla `optativas`
--
ALTER TABLE `optativas`
  ADD CONSTRAINT `FK_optativa_cm` FOREIGN KEY (`id_optativa`) REFERENCES `ciclo_materia` (`id`) ON DELETE CASCADE,
  ADD CONSTRAINT `FK_origen_cm` FOREIGN KEY (`id_origen`) REFERENCES `ciclo_materia` (`id`) ON DELETE CASCADE;

--
-- Filtros para la tabla `planes`
--
ALTER TABLE `planes`
  ADD CONSTRAINT `FK_plan_carrera` FOREIGN KEY (`id_carrera`) REFERENCES `carrera` (`id`) ON DELETE CASCADE;

--
-- Filtros para la tabla `publicaciones`
--
ALTER TABLE `publicaciones`
  ADD CONSTRAINT `FK_publicaciones_creador_id` FOREIGN KEY (`creador_id`) REFERENCES `users` (`id`),
  ADD CONSTRAINT `FK_publicaciones_modificador_id` FOREIGN KEY (`modificador_id`) REFERENCES `users` (`id`),
  ADD CONSTRAINT `FK_publicaciones_tipo_publicacion` FOREIGN KEY (`tipo`) REFERENCES `tipo_publicacion` (`id`);

--
-- Filtros para la tabla `titulos`
--
ALTER TABLE `titulos`
  ADD CONSTRAINT `titulo_orientacion` FOREIGN KEY (`id_orientacion`) REFERENCES `orientaciones` (`id`),
  ADD CONSTRAINT `titulo_plan` FOREIGN KEY (`id_plan`) REFERENCES `planes` (`id`) ON DELETE CASCADE;

--
-- Filtros para la tabla `users_groups`
--
ALTER TABLE `users_groups`
  ADD CONSTRAINT `fk_users_groups_groups1` FOREIGN KEY (`group_id`) REFERENCES `groups` (`id`) ON DELETE CASCADE ON UPDATE NO ACTION,
  ADD CONSTRAINT `fk_users_groups_users1` FOREIGN KEY (`user_id`) REFERENCES `users` (`id`) ON DELETE CASCADE ON UPDATE NO ACTION;
COMMIT;

/*!40101 SET CHARACTER_SET_CLIENT=@OLD_CHARACTER_SET_CLIENT */;
/*!40101 SET CHARACTER_SET_RESULTS=@OLD_CHARACTER_SET_RESULTS */;
/*!40101 SET COLLATION_CONNECTION=@OLD_COLLATION_CONNECTION */;
